RR,time
755,2023-04-13 10-26-01.755000
776,2023-04-13 10-26-02.531000
782,2023-04-13 10-26-03.313000
804,2023-04-13 10-26-04.117000
757,2023-04-13 10-26-04.874000
751,2023-04-13 10-26-05.625000
765,2023-04-13 10-26-06.390000
784,2023-04-13 10-26-07.174000
768,2023-04-13 10-26-07.942000
713,2023-04-13 10-26-08.655000
678,2023-04-13 10-26-09.333000
636,2023-04-13 10-26-09.969000
626,2023-04-13 10-26-10.595000
682,2023-04-13 10-26-11.277000
767,2023-04-13 10-26-12.044000
816,2023-04-13 10-26-12.860000
914,2023-04-13 10-26-13.774000
853,2023-04-13 10-26-14.627000
864,2023-04-13 10-26-15.491000
773,2023-04-13 10-26-16.264000
744,2023-04-13 10-26-17.008000
688,2023-04-13 10-26-17.696000
684,2023-04-13 10-26-18.380000
681,2023-04-13 10-26-19.061000
722,2023-04-13 10-26-19.783000
817,2023-04-13 10-26-20.600000
863,2023-04-13 10-26-21.463000
872,2023-04-13 10-26-22.335000
866,2023-04-13 10-26-23.201000
854,2023-04-13 10-26-24.055000
813,2023-04-13 10-26-24.868000
752,2023-04-13 10-26-25.620000
747,2023-04-13 10-26-26.367000
728,2023-04-13 10-26-27.095000
755,2023-04-13 10-26-27.850000
745,2023-04-13 10-26-28.595000
756,2023-04-13 10-26-29.351000
813,2023-04-13 10-26-30.164000
791,2023-04-13 10-26-30.955000
772,2023-04-13 10-26-31.727000
741,2023-04-13 10-26-32.468000
719,2023-04-13 10-26-33.187000
721,2023-04-13 10-26-33.908000
745,2023-04-13 10-26-34.653000
789,2023-04-13 10-26-35.442000
779,2023-04-13 10-26-36.221000
722,2023-04-13 10-26-36.943000
713,2023-04-13 10-26-37.656000
688,2023-04-13 10-26-38.344000
697,2023-04-13 10-26-39.041000
708,2023-04-13 10-26-39.749000
683,2023-04-13 10-26-40.432000
679,2023-04-13 10-26-41.111000
682,2023-04-13 10-26-41.793000
736,2023-04-13 10-26-42.529000
803,2023-04-13 10-26-43.332000
805,2023-04-13 10-26-44.137000
802,2023-04-13 10-26-44.939000
746,2023-04-13 10-26-45.685000
755,2023-04-13 10-26-46.440000
776,2023-04-13 10-26-47.216000
810,2023-04-13 10-26-48.026000
816,2023-04-13 10-26-48.842000
817,2023-04-13 10-26-49.659000
772,2023-04-13 10-26-50.431000
750,2023-04-13 10-26-51.181000
721,2023-04-13 10-26-51.902000
685,2023-04-13 10-26-52.587000
672,2023-04-13 10-26-53.259000
654,2023-04-13 10-26-53.913000
666,2023-04-13 10-26-54.579000
689,2023-04-13 10-26-55.268000
742,2023-04-13 10-26-56.010000
815,2023-04-13 10-26-56.825000
1046,2023-04-13 10-26-57.871000
856,2023-04-13 10-26-58.727000
882,2023-04-13 10-26-59.609000
852,2023-04-13 10-27-00.461000
788,2023-04-13 10-27-01.249000
839,2023-04-13 10-27-02.088000
850,2023-04-13 10-27-02.938000
928,2023-04-13 10-27-03.866000
835,2023-04-13 10-27-04.701000
822,2023-04-13 10-27-05.523000
804,2023-04-13 10-27-06.327000
747,2023-04-13 10-27-07.074000
746,2023-04-13 10-27-07.820000
734,2023-04-13 10-27-08.554000
751,2023-04-13 10-27-09.305000
746,2023-04-13 10-27-10.051000
762,2023-04-13 10-27-10.813000
766,2023-04-13 10-27-11.579000
797,2023-04-13 10-27-12.376000
796,2023-04-13 10-27-13.172000
810,2023-04-13 10-27-13.982000
810,2023-04-13 10-27-14.792000
791,2023-04-13 10-27-15.583000
755,2023-04-13 10-27-16.338000
737,2023-04-13 10-27-17.075000
720,2023-04-13 10-27-17.795000
725,2023-04-13 10-27-18.520000
780,2023-04-13 10-27-19.300000
806,2023-04-13 10-27-20.106000
820,2023-04-13 10-27-20.926000
755,2023-04-13 10-27-21.681000
699,2023-04-13 10-27-22.380000
680,2023-04-13 10-27-23.060000
650,2023-04-13 10-27-23.710000
651,2023-04-13 10-27-24.361000
651,2023-04-13 10-27-25.012000
682,2023-04-13 10-27-25.694000
687,2023-04-13 10-27-26.381000
681,2023-04-13 10-27-27.062000
704,2023-04-13 10-27-27.766000
750,2023-04-13 10-27-28.516000
783,2023-04-13 10-27-29.299000
777,2023-04-13 10-27-30.076000
725,2023-04-13 10-27-30.801000
705,2023-04-13 10-27-31.506000
674,2023-04-13 10-27-32.180000
663,2023-04-13 10-27-32.843000
666,2023-04-13 10-27-33.509000
683,2023-04-13 10-27-34.192000
702,2023-04-13 10-27-34.894000
713,2023-04-13 10-27-35.607000
727,2023-04-13 10-27-36.334000
810,2023-04-13 10-27-37.144000
804,2023-04-13 10-27-37.948000
771,2023-04-13 10-27-38.719000
832,2023-04-13 10-27-39.551000
785,2023-04-13 10-27-40.336000
757,2023-04-13 10-27-41.093000
764,2023-04-13 10-27-41.857000
742,2023-04-13 10-27-42.599000
734,2023-04-13 10-27-43.333000
741,2023-04-13 10-27-44.074000
761,2023-04-13 10-27-44.835000
781,2023-04-13 10-27-45.616000
835,2023-04-13 10-27-46.451000
782,2023-04-13 10-27-47.233000
751,2023-04-13 10-27-47.984000
756,2023-04-13 10-27-48.740000
791,2023-04-13 10-27-49.531000
751,2023-04-13 10-27-50.282000
757,2023-04-13 10-27-51.039000
750,2023-04-13 10-27-51.789000
768,2023-04-13 10-27-52.557000
747,2023-04-13 10-27-53.304000
745,2023-04-13 10-27-54.049000
731,2023-04-13 10-27-54.780000
706,2023-04-13 10-27-55.486000
694,2023-04-13 10-27-56.180000
684,2023-04-13 10-27-56.864000
699,2023-04-13 10-27-57.563000
676,2023-04-13 10-27-58.239000
688,2023-04-13 10-27-58.927000
697,2023-04-13 10-27-59.624000
727,2023-04-13 10-28-00.351000
738,2023-04-13 10-28-01.089000
781,2023-04-13 10-28-01.870000
815,2023-04-13 10-28-02.685000
784,2023-04-13 10-28-03.469000
775,2023-04-13 10-28-04.244000
769,2023-04-13 10-28-05.013000
734,2023-04-13 10-28-05.747000
725,2023-04-13 10-28-06.472000
706,2023-04-13 10-28-07.178000
692,2023-04-13 10-28-07.870000
674,2023-04-13 10-28-08.544000
669,2023-04-13 10-28-09.213000
654,2023-04-13 10-28-09.867000
658,2023-04-13 10-28-10.525000
652,2023-04-13 10-28-11.177000
689,2023-04-13 10-28-11.866000
740,2023-04-13 10-28-12.606000
849,2023-04-13 10-28-13.455000
783,2023-04-13 10-28-14.238000
764,2023-04-13 10-28-15.002000
760,2023-04-13 10-28-15.762000
739,2023-04-13 10-28-16.501000
691,2023-04-13 10-28-17.192000
687,2023-04-13 10-28-17.879000
670,2023-04-13 10-28-18.549000
676,2023-04-13 10-28-19.225000
682,2023-04-13 10-28-19.907000
696,2023-04-13 10-28-20.603000
717,2023-04-13 10-28-21.320000
764,2023-04-13 10-28-22.084000
740,2023-04-13 10-28-22.824000
703,2023-04-13 10-28-23.527000
702,2023-04-13 10-28-24.229000
695,2023-04-13 10-28-24.924000
694,2023-04-13 10-28-25.618000
697,2023-04-13 10-28-26.315000
707,2023-04-13 10-28-27.022000
716,2023-04-13 10-28-27.738000
710,2023-04-13 10-28-28.448000
744,2023-04-13 10-28-29.192000
776,2023-04-13 10-28-29.968000
762,2023-04-13 10-28-30.730000
719,2023-04-13 10-28-31.449000
724,2023-04-13 10-28-32.173000
728,2023-04-13 10-28-32.901000
735,2023-04-13 10-28-33.636000
706,2023-04-13 10-28-34.342000
724,2023-04-13 10-28-35.066000
785,2023-04-13 10-28-35.851000
803,2023-04-13 10-28-36.654000
788,2023-04-13 10-28-37.442000
775,2023-04-13 10-28-38.217000
747,2023-04-13 10-28-38.964000
717,2023-04-13 10-28-39.681000
705,2023-04-13 10-28-40.386000
675,2023-04-13 10-28-41.061000
675,2023-04-13 10-28-41.736000
676,2023-04-13 10-28-42.412000
731,2023-04-13 10-28-43.143000
769,2023-04-13 10-28-43.912000
838,2023-04-13 10-28-44.750000
886,2023-04-13 10-28-45.636000
879,2023-04-13 10-28-46.515000
889,2023-04-13 10-28-47.404000
778,2023-04-13 10-28-48.182000
726,2023-04-13 10-28-48.908000
694,2023-04-13 10-28-49.602000
669,2023-04-13 10-28-50.271000
648,2023-04-13 10-28-50.919000
676,2023-04-13 10-28-51.595000
700,2023-04-13 10-28-52.295000
774,2023-04-13 10-28-53.069000
756,2023-04-13 10-28-53.825000
732,2023-04-13 10-28-54.557000
730,2023-04-13 10-28-55.287000
726,2023-04-13 10-28-56.013000
695,2023-04-13 10-28-56.708000
662,2023-04-13 10-28-57.370000
667,2023-04-13 10-28-58.037000
716,2023-04-13 10-28-58.753000
858,2023-04-13 10-28-59.611000
814,2023-04-13 10-29-00.425000
778,2023-04-13 10-29-01.203000
813,2023-04-13 10-29-02.016000
799,2023-04-13 10-29-02.815000
738,2023-04-13 10-29-03.553000
746,2023-04-13 10-29-04.299000
727,2023-04-13 10-29-05.026000
726,2023-04-13 10-29-05.752000
722,2023-04-13 10-29-06.474000
724,2023-04-13 10-29-07.198000
729,2023-04-13 10-29-07.927000
702,2023-04-13 10-29-08.629000
693,2023-04-13 10-29-09.322000
709,2023-04-13 10-29-10.031000
729,2023-04-13 10-29-10.760000
729,2023-04-13 10-29-11.489000
698,2023-04-13 10-29-12.187000
685,2023-04-13 10-29-12.872000
683,2023-04-13 10-29-13.555000
661,2023-04-13 10-29-14.216000
647,2023-04-13 10-29-14.863000
643,2023-04-13 10-29-15.506000
635,2023-04-13 10-29-16.141000
647,2023-04-13 10-29-16.788000
651,2023-04-13 10-29-17.439000
651,2023-04-13 10-29-18.090000
702,2023-04-13 10-29-18.792000
804,2023-04-13 10-29-19.596000
966,2023-04-13 10-29-20.562000
871,2023-04-13 10-29-21.433000
790,2023-04-13 10-29-22.223000
838,2023-04-13 10-29-23.061000
822,2023-04-13 10-29-23.883000
799,2023-04-13 10-29-24.682000
766,2023-04-13 10-29-25.448000
749,2023-04-13 10-29-26.197000
707,2023-04-13 10-29-26.904000
688,2023-04-13 10-29-27.592000
679,2023-04-13 10-29-28.271000
718,2023-04-13 10-29-28.989000
789,2023-04-13 10-29-29.778000
796,2023-04-13 10-29-30.574000
818,2023-04-13 10-29-31.392000
800,2023-04-13 10-29-32.192000
731,2023-04-13 10-29-32.923000
728,2023-04-13 10-29-33.651000
730,2023-04-13 10-29-34.381000
782,2023-04-13 10-29-35.163000
855,2023-04-13 10-29-36.018000
842,2023-04-13 10-29-36.860000
781,2023-04-13 10-29-37.641000
822,2023-04-13 10-29-38.463000
873,2023-04-13 10-29-39.336000
880,2023-04-13 10-29-40.216000
854,2023-04-13 10-29-41.070000
825,2023-04-13 10-29-41.895000
789,2023-04-13 10-29-42.684000
786,2023-04-13 10-29-43.470000
789,2023-04-13 10-29-44.259000
731,2023-04-13 10-29-44.990000
740,2023-04-13 10-29-45.730000
715,2023-04-13 10-29-46.445000
762,2023-04-13 10-29-47.207000
860,2023-04-13 10-29-48.067000
917,2023-04-13 10-29-48.984000
812,2023-04-13 10-29-49.796000
860,2023-04-13 10-29-50.656000
892,2023-04-13 10-29-51.548000
893,2023-04-13 10-29-52.441000
846,2023-04-13 10-29-53.287000
755,2023-04-13 10-29-54.042000
735,2023-04-13 10-29-54.777000
729,2023-04-13 10-29-55.506000
742,2023-04-13 10-29-56.248000
771,2023-04-13 10-29-57.019000
831,2023-04-13 10-29-57.850000
781,2023-04-13 10-29-58.631000
740,2023-04-13 10-29-59.371000
760,2023-04-13 10-30-00.131000
773,2023-04-13 10-30-00.904000
838,2023-04-13 10-30-01.742000
804,2023-04-13 10-30-02.546000
809,2023-04-13 10-30-03.355000
776,2023-04-13 10-30-04.131000
873,2023-04-13 10-30-05.004000
860,2023-04-13 10-30-05.864000
836,2023-04-13 10-30-06.700000
886,2023-04-13 10-30-07.586000
860,2023-04-13 10-30-08.446000
802,2023-04-13 10-30-09.248000
743,2023-04-13 10-30-09.991000
748,2023-04-13 10-30-10.739000
757,2023-04-13 10-30-11.496000
864,2023-04-13 10-30-12.360000
789,2023-04-13 10-30-13.149000
765,2023-04-13 10-30-13.914000
749,2023-04-13 10-30-14.663000
729,2023-04-13 10-30-15.392000
702,2023-04-13 10-30-16.094000
700,2023-04-13 10-30-16.794000
722,2023-04-13 10-30-17.516000
810,2023-04-13 10-30-18.326000
762,2023-04-13 10-30-19.088000
812,2023-04-13 10-30-19.900000
859,2023-04-13 10-30-20.759000
853,2023-04-13 10-30-21.612000
829,2023-04-13 10-30-22.441000
764,2023-04-13 10-30-23.205000
770,2023-04-13 10-30-23.975000
744,2023-04-13 10-30-24.719000
710,2023-04-13 10-30-25.429000
707,2023-04-13 10-30-26.136000
699,2023-04-13 10-30-26.835000
693,2023-04-13 10-30-27.528000
673,2023-04-13 10-30-28.201000
693,2023-04-13 10-30-28.894000
670,2023-04-13 10-30-29.564000
687,2023-04-13 10-30-30.251000
677,2023-04-13 10-30-30.928000
710,2023-04-13 10-30-31.638000
741,2023-04-13 10-30-32.379000
756,2023-04-13 10-30-33.135000
787,2023-04-13 10-30-33.922000
814,2023-04-13 10-30-34.736000
797,2023-04-13 10-30-35.533000
798,2023-04-13 10-30-36.331000
804,2023-04-13 10-30-37.135000
803,2023-04-13 10-30-37.938000
752,2023-04-13 10-30-38.690000
754,2023-04-13 10-30-39.444000
747,2023-04-13 10-30-40.191000
731,2023-04-13 10-30-40.922000
720,2023-04-13 10-30-41.642000
712,2023-04-13 10-30-42.354000
701,2023-04-13 10-30-43.055000
703,2023-04-13 10-30-43.758000
687,2023-04-13 10-30-44.445000
650,2023-04-13 10-30-45.095000
632,2023-04-13 10-30-45.727000
632,2023-04-13 10-30-46.359000
670,2023-04-13 10-30-47.029000
1045,2023-04-13 10-30-48.074000
832,2023-04-13 10-30-48.906000
818,2023-04-13 10-30-49.724000
863,2023-04-13 10-30-50.587000
759,2023-04-13 10-30-51.346000
736,2023-04-13 10-30-52.082000
879,2023-04-13 10-30-52.961000
888,2023-04-13 10-30-53.849000
771,2023-04-13 10-30-54.620000
702,2023-04-13 10-30-55.322000
734,2023-04-13 10-30-56.056000
789,2023-04-13 10-30-56.845000
844,2023-04-13 10-30-57.689000
785,2023-04-13 10-30-58.474000
722,2023-04-13 10-30-59.196000
723,2023-04-13 10-30-59.919000
719,2023-04-13 10-31-00.638000
729,2023-04-13 10-31-01.367000
755,2023-04-13 10-31-02.122000
772,2023-04-13 10-31-02.894000
771,2023-04-13 10-31-03.665000
724,2023-04-13 10-31-04.389000
752,2023-04-13 10-31-05.141000
774,2023-04-13 10-31-05.915000
914,2023-04-13 10-31-06.829000
771,2023-04-13 10-31-07.600000
812,2023-04-13 10-31-08.412000
871,2023-04-13 10-31-09.283000
896,2023-04-13 10-31-10.179000
811,2023-04-13 10-31-10.990000
851,2023-04-13 10-31-11.841000
919,2023-04-13 10-31-12.760000
900,2023-04-13 10-31-13.660000
773,2023-04-13 10-31-14.433000
755,2023-04-13 10-31-15.188000
724,2023-04-13 10-31-15.912000
765,2023-04-13 10-31-16.677000
797,2023-04-13 10-31-17.474000
965,2023-04-13 10-31-18.439000
906,2023-04-13 10-31-19.345000
824,2023-04-13 10-31-20.169000
859,2023-04-13 10-31-21.028000
849,2023-04-13 10-31-21.877000
847,2023-04-13 10-31-22.724000
1032,2023-04-13 10-31-23.756000
898,2023-04-13 10-31-24.654000
892,2023-04-13 10-31-25.546000
814,2023-04-13 10-31-26.360000
844,2023-04-13 10-31-27.204000
818,2023-04-13 10-31-28.022000
816,2023-04-13 10-31-28.838000
795,2023-04-13 10-31-29.633000
787,2023-04-13 10-31-30.420000
822,2023-04-13 10-31-31.242000
794,2023-04-13 10-31-32.036000
742,2023-04-13 10-31-32.778000
737,2023-04-13 10-31-33.515000
771,2023-04-13 10-31-34.286000
814,2023-04-13 10-31-35.100000
951,2023-04-13 10-31-36.051000
871,2023-04-13 10-31-36.922000
921,2023-04-13 10-31-37.843000
844,2023-04-13 10-31-38.687000
790,2023-04-13 10-31-39.477000
811,2023-04-13 10-31-40.288000
775,2023-04-13 10-31-41.063000
745,2023-04-13 10-31-41.808000
748,2023-04-13 10-31-42.556000
732,2023-04-13 10-31-43.288000
701,2023-04-13 10-31-43.989000
706,2023-04-13 10-31-44.695000
750,2023-04-13 10-31-45.445000
833,2023-04-13 10-31-46.278000
857,2023-04-13 10-31-47.135000
915,2023-04-13 10-31-48.050000
767,2023-04-13 10-31-48.817000
762,2023-04-13 10-31-49.579000
768,2023-04-13 10-31-50.347000
768,2023-04-13 10-31-51.115000
767,2023-04-13 10-31-51.882000
782,2023-04-13 10-31-52.664000
785,2023-04-13 10-31-53.449000
812,2023-04-13 10-31-54.261000
795,2023-04-13 10-31-55.056000
806,2023-04-13 10-31-55.862000
754,2023-04-13 10-31-56.616000
762,2023-04-13 10-31-57.378000
733,2023-04-13 10-31-58.111000
727,2023-04-13 10-31-58.838000
726,2023-04-13 10-31-59.564000
788,2023-04-13 10-32-00.352000
817,2023-04-13 10-32-01.169000
829,2023-04-13 10-32-01.998000
1054,2023-04-13 10-32-03.052000
892,2023-04-13 10-32-03.944000
811,2023-04-13 10-32-04.755000
772,2023-04-13 10-32-05.527000
771,2023-04-13 10-32-06.298000
783,2023-04-13 10-32-07.081000
727,2023-04-13 10-32-07.808000
714,2023-04-13 10-32-08.522000
706,2023-04-13 10-32-09.228000
701,2023-04-13 10-32-09.929000
729,2023-04-13 10-32-10.658000
706,2023-04-13 10-32-11.364000
716,2023-04-13 10-32-12.080000
724,2023-04-13 10-32-12.804000
717,2023-04-13 10-32-13.521000
693,2023-04-13 10-32-14.214000
686,2023-04-13 10-32-14.900000
666,2023-04-13 10-32-15.566000
644,2023-04-13 10-32-16.210000
641,2023-04-13 10-32-16.851000
637,2023-04-13 10-32-17.488000
642,2023-04-13 10-32-18.130000
653,2023-04-13 10-32-18.783000
752,2023-04-13 10-32-19.535000
871,2023-04-13 10-32-20.406000
867,2023-04-13 10-32-21.273000
772,2023-04-13 10-32-22.045000
825,2023-04-13 10-32-22.870000
852,2023-04-13 10-32-23.722000
793,2023-04-13 10-32-24.515000
723,2023-04-13 10-32-25.238000
760,2023-04-13 10-32-25.998000
739,2023-04-13 10-32-26.737000
732,2023-04-13 10-32-27.469000
764,2023-04-13 10-32-28.233000
758,2023-04-13 10-32-28.991000
721,2023-04-13 10-32-29.712000
721,2023-04-13 10-32-30.433000
723,2023-04-13 10-32-31.156000
767,2023-04-13 10-32-31.923000
750,2023-04-13 10-32-32.673000
803,2023-04-13 10-32-33.476000
811,2023-04-13 10-32-34.287000
787,2023-04-13 10-32-35.074000
750,2023-04-13 10-32-35.824000
701,2023-04-13 10-32-36.525000
687,2023-04-13 10-32-37.212000
661,2023-04-13 10-32-37.873000
683,2023-04-13 10-32-38.556000
704,2023-04-13 10-32-39.260000
723,2023-04-13 10-32-39.983000
772,2023-04-13 10-32-40.755000
1092,2023-04-13 10-32-41.847000
979,2023-04-13 10-32-42.826000
913,2023-04-13 10-32-43.739000
896,2023-04-13 10-32-44.635000
865,2023-04-13 10-32-45.500000
805,2023-04-13 10-32-46.305000
847,2023-04-13 10-32-47.152000
840,2023-04-13 10-32-47.992000
798,2023-04-13 10-32-48.790000
738,2023-04-13 10-32-49.528000
770,2023-04-13 10-32-50.298000
780,2023-04-13 10-32-51.078000
767,2023-04-13 10-32-51.845000
720,2023-04-13 10-32-52.565000
742,2023-04-13 10-32-53.307000
813,2023-04-13 10-32-54.120000
874,2023-04-13 10-32-54.994000
882,2023-04-13 10-32-55.876000
784,2023-04-13 10-32-56.660000
800,2023-04-13 10-32-57.460000
794,2023-04-13 10-32-58.254000
801,2023-04-13 10-32-59.055000
737,2023-04-13 10-32-59.792000
734,2023-04-13 10-33-00.526000
725,2023-04-13 10-33-01.251000
734,2023-04-13 10-33-01.985000
942,2023-04-13 10-33-02.927000
843,2023-04-13 10-33-03.770000
914,2023-04-13 10-33-04.684000
923,2023-04-13 10-33-05.607000
839,2023-04-13 10-33-06.446000
802,2023-04-13 10-33-07.248000
810,2023-04-13 10-33-08.058000
837,2023-04-13 10-33-08.895000
843,2023-04-13 10-33-09.738000
799,2023-04-13 10-33-10.537000
771,2023-04-13 10-33-11.308000
710,2023-04-13 10-33-12.018000
672,2023-04-13 10-33-12.690000
645,2023-04-13 10-33-13.335000
641,2023-04-13 10-33-13.976000
650,2023-04-13 10-33-14.626000
687,2023-04-13 10-33-15.313000
755,2023-04-13 10-33-16.068000
871,2023-04-13 10-33-16.939000
839,2023-04-13 10-33-17.778000
823,2023-04-13 10-33-18.601000
731,2023-04-13 10-33-19.332000
723,2023-04-13 10-33-20.055000
699,2023-04-13 10-33-20.754000
685,2023-04-13 10-33-21.439000
662,2023-04-13 10-33-22.101000
651,2023-04-13 10-33-22.752000
648,2023-04-13 10-33-23.400000
664,2023-04-13 10-33-24.064000
665,2023-04-13 10-33-24.729000
682,2023-04-13 10-33-25.411000
690,2023-04-13 10-33-26.101000
688,2023-04-13 10-33-26.789000
698,2023-04-13 10-33-27.487000
713,2023-04-13 10-33-28.200000
687,2023-04-13 10-33-28.887000
692,2023-04-13 10-33-29.579000
703,2023-04-13 10-33-30.282000
759,2023-04-13 10-33-31.041000
793,2023-04-13 10-33-31.834000
750,2023-04-13 10-33-32.584000
792,2023-04-13 10-33-33.376000
786,2023-04-13 10-33-34.162000
823,2023-04-13 10-33-34.985000
799,2023-04-13 10-33-35.784000
773,2023-04-13 10-33-36.557000
772,2023-04-13 10-33-37.329000
729,2023-04-13 10-33-38.058000
771,2023-04-13 10-33-38.829000
801,2023-04-13 10-33-39.630000
840,2023-04-13 10-33-40.470000
795,2023-04-13 10-33-41.265000
731,2023-04-13 10-33-41.996000
722,2023-04-13 10-33-42.718000
714,2023-04-13 10-33-43.432000
739,2023-04-13 10-33-44.171000
714,2023-04-13 10-33-44.885000
759,2023-04-13 10-33-45.644000
805,2023-04-13 10-33-46.449000
920,2023-04-13 10-33-47.369000
864,2023-04-13 10-33-48.233000
803,2023-04-13 10-33-49.036000
823,2023-04-13 10-33-49.859000
835,2023-04-13 10-33-50.694000
832,2023-04-13 10-33-51.526000
759,2023-04-13 10-33-52.285000
736,2023-04-13 10-33-53.021000
743,2023-04-13 10-33-53.764000
834,2023-04-13 10-33-54.598000
780,2023-04-13 10-33-55.378000
765,2023-04-13 10-33-56.143000
811,2023-04-13 10-33-56.954000
833,2023-04-13 10-33-57.787000
848,2023-04-13 10-33-58.635000
818,2023-04-13 10-33-59.453000
823,2023-04-13 10-34-00.276000
802,2023-04-13 10-34-01.078000
782,2023-04-13 10-34-01.860000
733,2023-04-13 10-34-02.593000
735,2023-04-13 10-34-03.328000
713,2023-04-13 10-34-04.041000
694,2023-04-13 10-34-04.735000
691,2023-04-13 10-34-05.426000
703,2023-04-13 10-34-06.129000
728,2023-04-13 10-34-06.857000
740,2023-04-13 10-34-07.597000
721,2023-04-13 10-34-08.318000
739,2023-04-13 10-34-09.057000
771,2023-04-13 10-34-09.828000
767,2023-04-13 10-34-10.595000
725,2023-04-13 10-34-11.320000
692,2023-04-13 10-34-12.012000
668,2023-04-13 10-34-12.680000
681,2023-04-13 10-34-13.361000
683,2023-04-13 10-34-14.044000
702,2023-04-13 10-34-14.746000
725,2023-04-13 10-34-15.471000
743,2023-04-13 10-34-16.214000
721,2023-04-13 10-34-16.935000
682,2023-04-13 10-34-17.617000
677,2023-04-13 10-34-18.294000
667,2023-04-13 10-34-18.961000
683,2023-04-13 10-34-19.644000
681,2023-04-13 10-34-20.325000
726,2023-04-13 10-34-21.051000
775,2023-04-13 10-34-21.826000
871,2023-04-13 10-34-22.697000
885,2023-04-13 10-34-23.582000
859,2023-04-13 10-34-24.441000
805,2023-04-13 10-34-25.246000
776,2023-04-13 10-34-26.022000
787,2023-04-13 10-34-26.809000
819,2023-04-13 10-34-27.628000
843,2023-04-13 10-34-28.471000
891,2023-04-13 10-34-29.362000
874,2023-04-13 10-34-30.236000
812,2023-04-13 10-34-31.048000
795,2023-04-13 10-34-31.843000
792,2023-04-13 10-34-32.635000
783,2023-04-13 10-34-33.418000
803,2023-04-13 10-34-34.221000
786,2023-04-13 10-34-35.007000
727,2023-04-13 10-34-35.734000
743,2023-04-13 10-34-36.477000
774,2023-04-13 10-34-37.251000
862,2023-04-13 10-34-38.113000
855,2023-04-13 10-34-38.968000
790,2023-04-13 10-34-39.758000
804,2023-04-13 10-34-40.562000
817,2023-04-13 10-34-41.379000
782,2023-04-13 10-34-42.161000
773,2023-04-13 10-34-42.934000
771,2023-04-13 10-34-43.705000
769,2023-04-13 10-34-44.474000
733,2023-04-13 10-34-45.207000
760,2023-04-13 10-34-45.967000
752,2023-04-13 10-34-46.719000
772,2023-04-13 10-34-47.491000
767,2023-04-13 10-34-48.258000
812,2023-04-13 10-34-49.070000
860,2023-04-13 10-34-49.930000
764,2023-04-13 10-34-50.694000
784,2023-04-13 10-34-51.478000
784,2023-04-13 10-34-52.262000
789,2023-04-13 10-34-53.051000
791,2023-04-13 10-34-53.842000
835,2023-04-13 10-34-54.677000
798,2023-04-13 10-34-55.475000
780,2023-04-13 10-34-56.255000
784,2023-04-13 10-34-57.039000
779,2023-04-13 10-34-57.818000
744,2023-04-13 10-34-58.562000
728,2023-04-13 10-34-59.290000
741,2023-04-13 10-35-00.031000
800,2023-04-13 10-35-00.831000
833,2023-04-13 10-35-01.664000
807,2023-04-13 10-35-02.471000
767,2023-04-13 10-35-03.238000
777,2023-04-13 10-35-04.015000
733,2023-04-13 10-35-04.748000
704,2023-04-13 10-35-05.452000
729,2023-04-13 10-35-06.181000
749,2023-04-13 10-35-06.930000
827,2023-04-13 10-35-07.757000
794,2023-04-13 10-35-08.551000
770,2023-04-13 10-35-09.321000
743,2023-04-13 10-35-10.064000
706,2023-04-13 10-35-10.770000
687,2023-04-13 10-35-11.457000
640,2023-04-13 10-35-12.097000
652,2023-04-13 10-35-12.749000
718,2023-04-13 10-35-13.467000
715,2023-04-13 10-35-14.182000
724,2023-04-13 10-35-14.906000
746,2023-04-13 10-35-15.652000
824,2023-04-13 10-35-16.476000
851,2023-04-13 10-35-17.327000
790,2023-04-13 10-35-18.117000
803,2023-04-13 10-35-18.920000
841,2023-04-13 10-35-19.761000
772,2023-04-13 10-35-20.533000
725,2023-04-13 10-35-21.258000
709,2023-04-13 10-35-21.967000
706,2023-04-13 10-35-22.673000
730,2023-04-13 10-35-23.403000
715,2023-04-13 10-35-24.118000
750,2023-04-13 10-35-24.868000
767,2023-04-13 10-35-25.635000
824,2023-04-13 10-35-26.459000
785,2023-04-13 10-35-27.244000
765,2023-04-13 10-35-28.009000
720,2023-04-13 10-35-28.729000
731,2023-04-13 10-35-29.460000
753,2023-04-13 10-35-30.213000
709,2023-04-13 10-35-30.922000
748,2023-04-13 10-35-31.670000
841,2023-04-13 10-35-32.511000
1005,2023-04-13 10-35-33.516000
903,2023-04-13 10-35-34.419000
859,2023-04-13 10-35-35.278000
890,2023-04-13 10-35-36.168000
837,2023-04-13 10-35-37.005000
783,2023-04-13 10-35-37.788000
765,2023-04-13 10-35-38.553000
762,2023-04-13 10-35-39.315000
773,2023-04-13 10-35-40.088000
729,2023-04-13 10-35-40.817000
711,2023-04-13 10-35-41.528000
737,2023-04-13 10-35-42.265000
806,2023-04-13 10-35-43.071000
880,2023-04-13 10-35-43.951000
819,2023-04-13 10-35-44.770000
859,2023-04-13 10-35-45.629000
811,2023-04-13 10-35-46.440000
772,2023-04-13 10-35-47.212000
786,2023-04-13 10-35-47.998000
804,2023-04-13 10-35-48.802000
778,2023-04-13 10-35-49.580000
742,2023-04-13 10-35-50.322000
752,2023-04-13 10-35-51.074000
761,2023-04-13 10-35-51.835000
773,2023-04-13 10-35-52.608000
772,2023-04-13 10-35-53.380000
739,2023-04-13 10-35-54.119000
792,2023-04-13 10-35-54.911000
889,2023-04-13 10-35-55.800000
846,2023-04-13 10-35-56.646000
762,2023-04-13 10-35-57.408000
758,2023-04-13 10-35-58.166000
733,2023-04-13 10-35-58.899000
722,2023-04-13 10-35-59.621000
744,2023-04-13 10-36-00.365000
803,2023-04-13 10-36-01.168000
839,2023-04-13 10-36-02.007000
796,2023-04-13 10-36-02.803000
847,2023-04-13 10-36-03.650000
854,2023-04-13 10-36-04.504000
790,2023-04-13 10-36-05.294000
788,2023-04-13 10-36-06.082000
786,2023-04-13 10-36-06.868000
792,2023-04-13 10-36-07.660000
770,2023-04-13 10-36-08.430000
738,2023-04-13 10-36-09.168000
720,2023-04-13 10-36-09.888000
719,2023-04-13 10-36-10.607000
766,2023-04-13 10-36-11.373000
776,2023-04-13 10-36-12.149000
762,2023-04-13 10-36-12.911000
729,2023-04-13 10-36-13.640000
696,2023-04-13 10-36-14.336000
678,2023-04-13 10-36-15.014000
682,2023-04-13 10-36-15.696000
719,2023-04-13 10-36-16.415000
824,2023-04-13 10-36-17.239000
791,2023-04-13 10-36-18.030000
804,2023-04-13 10-36-18.834000
852,2023-04-13 10-36-19.686000
817,2023-04-13 10-36-20.503000
817,2023-04-13 10-36-21.320000
760,2023-04-13 10-36-22.080000
779,2023-04-13 10-36-22.859000
767,2023-04-13 10-36-23.626000
749,2023-04-13 10-36-24.375000
774,2023-04-13 10-36-25.149000
780,2023-04-13 10-36-25.929000
771,2023-04-13 10-36-26.700000
731,2023-04-13 10-36-27.431000
738,2023-04-13 10-36-28.169000
733,2023-04-13 10-36-28.902000
777,2023-04-13 10-36-29.679000
736,2023-04-13 10-36-30.415000
815,2023-04-13 10-36-31.230000
787,2023-04-13 10-36-32.017000
897,2023-04-13 10-36-32.914000
836,2023-04-13 10-36-33.750000
818,2023-04-13 10-36-34.568000
796,2023-04-13 10-36-35.364000
788,2023-04-13 10-36-36.152000
766,2023-04-13 10-36-36.918000
714,2023-04-13 10-36-37.632000
724,2023-04-13 10-36-38.356000
735,2023-04-13 10-36-39.091000
759,2023-04-13 10-36-39.850000
737,2023-04-13 10-36-40.587000
749,2023-04-13 10-36-41.336000
772,2023-04-13 10-36-42.108000
766,2023-04-13 10-36-42.874000
754,2023-04-13 10-36-43.628000
834,2023-04-13 10-36-44.462000
793,2023-04-13 10-36-45.255000
744,2023-04-13 10-36-45.999000
764,2023-04-13 10-36-46.763000
783,2023-04-13 10-36-47.546000
804,2023-04-13 10-36-48.350000
857,2023-04-13 10-36-49.207000
807,2023-04-13 10-36-50.014000
746,2023-04-13 10-36-50.760000
732,2023-04-13 10-36-51.492000
724,2023-04-13 10-36-52.216000
766,2023-04-13 10-36-52.982000
826,2023-04-13 10-36-53.808000
882,2023-04-13 10-36-54.690000
813,2023-04-13 10-36-55.503000
814,2023-04-13 10-36-56.317000
822,2023-04-13 10-36-57.139000
834,2023-04-13 10-36-57.973000
752,2023-04-13 10-36-58.725000
773,2023-04-13 10-36-59.498000
765,2023-04-13 10-37-00.263000
756,2023-04-13 10-37-01.019000
742,2023-04-13 10-37-01.761000
729,2023-04-13 10-37-02.490000
696,2023-04-13 10-37-03.186000
683,2023-04-13 10-37-03.869000
707,2023-04-13 10-37-04.576000
834,2023-04-13 10-37-05.410000
847,2023-04-13 10-37-06.257000
814,2023-04-13 10-37-07.071000
854,2023-04-13 10-37-07.925000
913,2023-04-13 10-37-08.838000
868,2023-04-13 10-37-09.706000
816,2023-04-13 10-37-10.522000
756,2023-04-13 10-37-11.278000
747,2023-04-13 10-37-12.025000
731,2023-04-13 10-37-12.756000
765,2023-04-13 10-37-13.521000
776,2023-04-13 10-37-14.297000
730,2023-04-13 10-37-15.027000
767,2023-04-13 10-37-15.794000
738,2023-04-13 10-37-16.532000
697,2023-04-13 10-37-17.229000
852,2023-04-13 10-37-18.081000
799,2023-04-13 10-37-18.880000
892,2023-04-13 10-37-19.772000
820,2023-04-13 10-37-20.592000
805,2023-04-13 10-37-21.397000
775,2023-04-13 10-37-22.172000
726,2023-04-13 10-37-22.898000
700,2023-04-13 10-37-23.598000
666,2023-04-13 10-37-24.264000
696,2023-04-13 10-37-24.960000
747,2023-04-13 10-37-25.707000
897,2023-04-13 10-37-26.604000
800,2023-04-13 10-37-27.404000
908,2023-04-13 10-37-28.312000
889,2023-04-13 10-37-29.201000
819,2023-04-13 10-37-30.020000
828,2023-04-13 10-37-30.848000
814,2023-04-13 10-37-31.662000
769,2023-04-13 10-37-32.431000
831,2023-04-13 10-37-33.262000
891,2023-04-13 10-37-34.153000
819,2023-04-13 10-37-34.972000
744,2023-04-13 10-37-35.716000
734,2023-04-13 10-37-36.450000
702,2023-04-13 10-37-37.152000
680,2023-04-13 10-37-37.832000
655,2023-04-13 10-37-38.487000
641,2023-04-13 10-37-39.128000
634,2023-04-13 10-37-39.762000
634,2023-04-13 10-37-40.396000
627,2023-04-13 10-37-41.023000
635,2023-04-13 10-37-41.658000
640,2023-04-13 10-37-42.298000
656,2023-04-13 10-37-42.954000
650,2023-04-13 10-37-43.604000
629,2023-04-13 10-37-44.233000
633,2023-04-13 10-37-44.866000
638,2023-04-13 10-37-45.504000
689,2023-04-13 10-37-46.193000
733,2023-04-13 10-37-46.926000
788,2023-04-13 10-37-47.714000
829,2023-04-13 10-37-48.543000
833,2023-04-13 10-37-49.376000
763,2023-04-13 10-37-50.139000
739,2023-04-13 10-37-50.878000
754,2023-04-13 10-37-51.632000
748,2023-04-13 10-37-52.380000
736,2023-04-13 10-37-53.116000
710,2023-04-13 10-37-53.826000
668,2023-04-13 10-37-54.494000
677,2023-04-13 10-37-55.171000
660,2023-04-13 10-37-55.831000
690,2023-04-13 10-37-56.521000
747,2023-04-13 10-37-57.268000
742,2023-04-13 10-37-58.010000
874,2023-04-13 10-37-58.884000
924,2023-04-13 10-37-59.808000
916,2023-04-13 10-38-00.724000
923,2023-04-13 10-38-01.647000
918,2023-04-13 10-38-02.565000
892,2023-04-13 10-38-03.457000
869,2023-04-13 10-38-04.326000
877,2023-04-13 10-38-05.203000
888,2023-04-13 10-38-06.091000
840,2023-04-13 10-38-06.931000
807,2023-04-13 10-38-07.738000
787,2023-04-13 10-38-08.525000
749,2023-04-13 10-38-09.274000
704,2023-04-13 10-38-09.978000
704,2023-04-13 10-38-10.682000
756,2023-04-13 10-38-11.438000
930,2023-04-13 10-38-12.368000
911,2023-04-13 10-38-13.279000
920,2023-04-13 10-38-14.199000
886,2023-04-13 10-38-15.085000
842,2023-04-13 10-38-15.927000
795,2023-04-13 10-38-16.722000
784,2023-04-13 10-38-17.506000
747,2023-04-13 10-38-18.253000
791,2023-04-13 10-38-19.044000
828,2023-04-13 10-38-19.872000
823,2023-04-13 10-38-20.695000
881,2023-04-13 10-38-21.576000
1012,2023-04-13 10-38-22.588000
1026,2023-04-13 10-38-23.614000
985,2023-04-13 10-38-24.599000
909,2023-04-13 10-38-25.508000
767,2023-04-13 10-38-26.275000
738,2023-04-13 10-38-27.013000
764,2023-04-13 10-38-27.777000
815,2023-04-13 10-38-28.592000
827,2023-04-13 10-38-29.419000
737,2023-04-13 10-38-30.156000
756,2023-04-13 10-38-30.912000
793,2023-04-13 10-38-31.705000
824,2023-04-13 10-38-32.529000
824,2023-04-13 10-38-33.353000
775,2023-04-13 10-38-34.128000
767,2023-04-13 10-38-34.895000
761,2023-04-13 10-38-35.656000
808,2023-04-13 10-38-36.464000
845,2023-04-13 10-38-37.309000
855,2023-04-13 10-38-38.164000
779,2023-04-13 10-38-38.943000
834,2023-04-13 10-38-39.777000
821,2023-04-13 10-38-40.598000
860,2023-04-13 10-38-41.458000
813,2023-04-13 10-38-42.271000
813,2023-04-13 10-38-43.084000
791,2023-04-13 10-38-43.875000
742,2023-04-13 10-38-44.617000
785,2023-04-13 10-38-45.402000
813,2023-04-13 10-38-46.215000
840,2023-04-13 10-38-47.055000
800,2023-04-13 10-38-47.855000
746,2023-04-13 10-38-48.601000
754,2023-04-13 10-38-49.355000
791,2023-04-13 10-38-50.146000
809,2023-04-13 10-38-50.955000
801,2023-04-13 10-38-51.756000
711,2023-04-13 10-38-52.467000
705,2023-04-13 10-38-53.172000
781,2023-04-13 10-38-53.953000
732,2023-04-13 10-38-54.685000
698,2023-04-13 10-38-55.383000
665,2023-04-13 10-38-56.048000
713,2023-04-13 10-38-56.761000
835,2023-04-13 10-38-57.596000
948,2023-04-13 10-38-58.544000
997,2023-04-13 10-38-59.541000
929,2023-04-13 10-39-00.470000
891,2023-04-13 10-39-01.361000
821,2023-04-13 10-39-02.182000
738,2023-04-13 10-39-02.920000
712,2023-04-13 10-39-03.632000
698,2023-04-13 10-39-04.330000
729,2023-04-13 10-39-05.059000
811,2023-04-13 10-39-05.870000
812,2023-04-13 10-39-06.682000
796,2023-04-13 10-39-07.478000
818,2023-04-13 10-39-08.296000
793,2023-04-13 10-39-09.089000
818,2023-04-13 10-39-09.907000
784,2023-04-13 10-39-10.691000
709,2023-04-13 10-39-11.400000
757,2023-04-13 10-39-12.157000
902,2023-04-13 10-39-13.059000
866,2023-04-13 10-39-13.925000
784,2023-04-13 10-39-14.709000
774,2023-04-13 10-39-15.483000
780,2023-04-13 10-39-16.263000
789,2023-04-13 10-39-17.052000
806,2023-04-13 10-39-17.858000
767,2023-04-13 10-39-18.625000
786,2023-04-13 10-39-19.411000
788,2023-04-13 10-39-20.199000
807,2023-04-13 10-39-21.006000
843,2023-04-13 10-39-21.849000
850,2023-04-13 10-39-22.699000
818,2023-04-13 10-39-23.517000
790,2023-04-13 10-39-24.307000
729,2023-04-13 10-39-25.036000
727,2023-04-13 10-39-25.763000
746,2023-04-13 10-39-26.509000
836,2023-04-13 10-39-27.345000
851,2023-04-13 10-39-28.196000
920,2023-04-13 10-39-29.116000
798,2023-04-13 10-39-29.914000
797,2023-04-13 10-39-30.711000
809,2023-04-13 10-39-31.520000
825,2023-04-13 10-39-32.345000
853,2023-04-13 10-39-33.198000
818,2023-04-13 10-39-34.016000
764,2023-04-13 10-39-34.780000
774,2023-04-13 10-39-35.554000
779,2023-04-13 10-39-36.333000
811,2023-04-13 10-39-37.144000
768,2023-04-13 10-39-37.912000
820,2023-04-13 10-39-38.732000
818,2023-04-13 10-39-39.550000
866,2023-04-13 10-39-40.416000
839,2023-04-13 10-39-41.255000
783,2023-04-13 10-39-42.038000
772,2023-04-13 10-39-42.810000
746,2023-04-13 10-39-43.556000
755,2023-04-13 10-39-44.311000
752,2023-04-13 10-39-45.063000
777,2023-04-13 10-39-45.840000
810,2023-04-13 10-39-46.650000
797,2023-04-13 10-39-47.447000
790,2023-04-13 10-39-48.237000
776,2023-04-13 10-39-49.013000
713,2023-04-13 10-39-49.726000
717,2023-04-13 10-39-50.443000
690,2023-04-13 10-39-51.133000
756,2023-04-13 10-39-51.889000
823,2023-04-13 10-39-52.712000
926,2023-04-13 10-39-53.638000
871,2023-04-13 10-39-54.509000
790,2023-04-13 10-39-55.299000
790,2023-04-13 10-39-56.089000
822,2023-04-13 10-39-56.911000
801,2023-04-13 10-39-57.712000
784,2023-04-13 10-39-58.496000
783,2023-04-13 10-39-59.279000
758,2023-04-13 10-40-00.037000
705,2023-04-13 10-40-00.742000
691,2023-04-13 10-40-01.433000
681,2023-04-13 10-40-02.114000
691,2023-04-13 10-40-02.805000
688,2023-04-13 10-40-03.493000
691,2023-04-13 10-40-04.184000
685,2023-04-13 10-40-04.869000
672,2023-04-13 10-40-05.541000
681,2023-04-13 10-40-06.222000
705,2023-04-13 10-40-06.927000
765,2023-04-13 10-40-07.692000
807,2023-04-13 10-40-08.499000
859,2023-04-13 10-40-09.358000
921,2023-04-13 10-40-10.279000
905,2023-04-13 10-40-11.184000
796,2023-04-13 10-40-11.980000
811,2023-04-13 10-40-12.791000
789,2023-04-13 10-40-13.580000
757,2023-04-13 10-40-14.337000
775,2023-04-13 10-40-15.112000
800,2023-04-13 10-40-15.912000
786,2023-04-13 10-40-16.698000
767,2023-04-13 10-40-17.465000
796,2023-04-13 10-40-18.261000
903,2023-04-13 10-40-19.164000
894,2023-04-13 10-40-20.058000
879,2023-04-13 10-40-20.937000
836,2023-04-13 10-40-21.773000
813,2023-04-13 10-40-22.586000
785,2023-04-13 10-40-23.371000
732,2023-04-13 10-40-24.103000
756,2023-04-13 10-40-24.859000
749,2023-04-13 10-40-25.608000
752,2023-04-13 10-40-26.360000
745,2023-04-13 10-40-27.105000
809,2023-04-13 10-40-27.914000
886,2023-04-13 10-40-28.800000
851,2023-04-13 10-40-29.651000
801,2023-04-13 10-40-30.452000
797,2023-04-13 10-40-31.249000
785,2023-04-13 10-40-32.034000
746,2023-04-13 10-40-32.780000
725,2023-04-13 10-40-33.505000
759,2023-04-13 10-40-34.264000
765,2023-04-13 10-40-35.029000
768,2023-04-13 10-40-35.797000
737,2023-04-13 10-40-36.534000
758,2023-04-13 10-40-37.292000
764,2023-04-13 10-40-38.056000
721,2023-04-13 10-40-38.777000
763,2023-04-13 10-40-39.540000
771,2023-04-13 10-40-40.311000
800,2023-04-13 10-40-41.111000
737,2023-04-13 10-40-41.848000
747,2023-04-13 10-40-42.595000
710,2023-04-13 10-40-43.305000
700,2023-04-13 10-40-44.005000
662,2023-04-13 10-40-44.667000
669,2023-04-13 10-40-45.336000
665,2023-04-13 10-40-46.001000
672,2023-04-13 10-40-46.673000
664,2023-04-13 10-40-47.337000
662,2023-04-13 10-40-47.999000
674,2023-04-13 10-40-48.673000
755,2023-04-13 10-40-49.428000
846,2023-04-13 10-40-50.274000
795,2023-04-13 10-40-51.069000
797,2023-04-13 10-40-51.866000
780,2023-04-13 10-40-52.646000
764,2023-04-13 10-40-53.410000
744,2023-04-13 10-40-54.154000
728,2023-04-13 10-40-54.882000
733,2023-04-13 10-40-55.615000
719,2023-04-13 10-40-56.334000
698,2023-04-13 10-40-57.032000
702,2023-04-13 10-40-57.734000
699,2023-04-13 10-40-58.433000
729,2023-04-13 10-40-59.162000
728,2023-04-13 10-40-59.890000
695,2023-04-13 10-41-00.585000
684,2023-04-13 10-41-01.269000
646,2023-04-13 10-41-01.915000
632,2023-04-13 10-41-02.547000
633,2023-04-13 10-41-03.180000
637,2023-04-13 10-41-03.817000
652,2023-04-13 10-41-04.469000
687,2023-04-13 10-41-05.156000
766,2023-04-13 10-41-05.922000
702,2023-04-13 10-41-06.624000
737,2023-04-13 10-41-07.361000
814,2023-04-13 10-41-08.175000
971,2023-04-13 10-41-09.146000
940,2023-04-13 10-41-10.086000
854,2023-04-13 10-41-10.940000
839,2023-04-13 10-41-11.779000
800,2023-04-13 10-41-12.579000
736,2023-04-13 10-41-13.315000
758,2023-04-13 10-41-14.073000
779,2023-04-13 10-41-14.852000
827,2023-04-13 10-41-15.679000
862,2023-04-13 10-41-16.541000
891,2023-04-13 10-41-17.432000
900,2023-04-13 10-41-18.332000
877,2023-04-13 10-41-19.209000
829,2023-04-13 10-41-20.038000
745,2023-04-13 10-41-20.783000
716,2023-04-13 10-41-21.499000
748,2023-04-13 10-41-22.247000
821,2023-04-13 10-41-23.068000
905,2023-04-13 10-41-23.973000
909,2023-04-13 10-41-24.882000
874,2023-04-13 10-41-25.756000
860,2023-04-13 10-41-26.616000
827,2023-04-13 10-41-27.443000
748,2023-04-13 10-41-28.191000
738,2023-04-13 10-41-28.929000
762,2023-04-13 10-41-29.691000
828,2023-04-13 10-41-30.519000
862,2023-04-13 10-41-31.381000
853,2023-04-13 10-41-32.234000
783,2023-04-13 10-41-33.017000
779,2023-04-13 10-41-33.796000
786,2023-04-13 10-41-34.582000
803,2023-04-13 10-41-35.385000
774,2023-04-13 10-41-36.159000
725,2023-04-13 10-41-36.884000
724,2023-04-13 10-41-37.608000
764,2023-04-13 10-41-38.372000
1065,2023-04-13 10-41-39.437000
950,2023-04-13 10-41-40.387000
839,2023-04-13 10-41-41.226000
928,2023-04-13 10-41-42.154000
873,2023-04-13 10-41-43.027000
790,2023-04-13 10-41-43.817000
796,2023-04-13 10-41-44.613000
807,2023-04-13 10-41-45.420000
822,2023-04-13 10-41-46.242000
786,2023-04-13 10-41-47.028000
771,2023-04-13 10-41-47.799000
774,2023-04-13 10-41-48.573000
807,2023-04-13 10-41-49.380000
738,2023-04-13 10-41-50.118000
738,2023-04-13 10-41-50.856000
699,2023-04-13 10-41-51.555000
703,2023-04-13 10-41-52.258000
733,2023-04-13 10-41-52.991000
761,2023-04-13 10-41-53.752000
789,2023-04-13 10-41-54.541000
781,2023-04-13 10-41-55.322000
919,2023-04-13 10-41-56.241000
988,2023-04-13 10-41-57.229000
995,2023-04-13 10-41-58.224000
901,2023-04-13 10-41-59.125000
902,2023-04-13 10-42-00.027000
819,2023-04-13 10-42-00.846000
767,2023-04-13 10-42-01.613000
790,2023-04-13 10-42-02.403000
804,2023-04-13 10-42-03.207000
821,2023-04-13 10-42-04.028000
817,2023-04-13 10-42-04.845000
771,2023-04-13 10-42-05.616000
731,2023-04-13 10-42-06.347000
692,2023-04-13 10-42-07.039000
676,2023-04-13 10-42-07.715000
688,2023-04-13 10-42-08.403000
688,2023-04-13 10-42-09.091000
718,2023-04-13 10-42-09.809000
794,2023-04-13 10-42-10.603000
993,2023-04-13 10-42-11.596000
990,2023-04-13 10-42-12.586000
866,2023-04-13 10-42-13.452000
974,2023-04-13 10-42-14.426000
1043,2023-04-13 10-42-15.469000
1085,2023-04-13 10-42-16.554000
964,2023-04-13 10-42-17.518000
909,2023-04-13 10-42-18.427000
871,2023-04-13 10-42-19.298000
890,2023-04-13 10-42-20.188000
819,2023-04-13 10-42-21.007000
811,2023-04-13 10-42-21.818000
859,2023-04-13 10-42-22.677000
892,2023-04-13 10-42-23.569000
862,2023-04-13 10-42-24.431000
756,2023-04-13 10-42-25.187000
756,2023-04-13 10-42-25.943000
757,2023-04-13 10-42-26.700000
763,2023-04-13 10-42-27.463000
742,2023-04-13 10-42-28.205000
726,2023-04-13 10-42-28.931000
707,2023-04-13 10-42-29.638000
698,2023-04-13 10-42-30.336000
687,2023-04-13 10-42-31.023000
676,2023-04-13 10-42-31.699000
703,2023-04-13 10-42-32.402000
732,2023-04-13 10-42-33.134000
766,2023-04-13 10-42-33.900000
786,2023-04-13 10-42-34.686000
822,2023-04-13 10-42-35.508000
898,2023-04-13 10-42-36.406000
941,2023-04-13 10-42-37.347000
808,2023-04-13 10-42-38.155000
849,2023-04-13 10-42-39.004000
816,2023-04-13 10-42-39.820000
788,2023-04-13 10-42-40.608000
740,2023-04-13 10-42-41.348000
723,2023-04-13 10-42-42.071000
725,2023-04-13 10-42-42.796000
699,2023-04-13 10-42-43.495000
729,2023-04-13 10-42-44.224000
874,2023-04-13 10-42-45.098000
844,2023-04-13 10-42-45.942000
912,2023-04-13 10-42-46.854000
864,2023-04-13 10-42-47.718000
854,2023-04-13 10-42-48.572000
896,2023-04-13 10-42-49.468000
867,2023-04-13 10-42-50.335000
858,2023-04-13 10-42-51.193000
824,2023-04-13 10-42-52.017000
818,2023-04-13 10-42-52.835000
745,2023-04-13 10-42-53.580000
744,2023-04-13 10-42-54.324000
731,2023-04-13 10-42-55.055000
759,2023-04-13 10-42-55.814000
717,2023-04-13 10-42-56.531000
763,2023-04-13 10-42-57.294000
775,2023-04-13 10-42-58.069000
744,2023-04-13 10-42-58.813000
700,2023-04-13 10-42-59.513000
704,2023-04-13 10-43-00.217000
712,2023-04-13 10-43-00.929000
693,2023-04-13 10-43-01.622000
683,2023-04-13 10-43-02.305000
715,2023-04-13 10-43-03.020000
739,2023-04-13 10-43-03.759000
722,2023-04-13 10-43-04.481000
695,2023-04-13 10-43-05.176000
698,2023-04-13 10-43-05.874000
705,2023-04-13 10-43-06.579000
714,2023-04-13 10-43-07.293000
715,2023-04-13 10-43-08.008000
701,2023-04-13 10-43-08.709000
705,2023-04-13 10-43-09.414000
719,2023-04-13 10-43-10.133000
729,2023-04-13 10-43-10.862000
692,2023-04-13 10-43-11.554000
688,2023-04-13 10-43-12.242000
727,2023-04-13 10-43-12.969000
791,2023-04-13 10-43-13.760000
897,2023-04-13 10-43-14.657000
931,2023-04-13 10-43-15.588000
877,2023-04-13 10-43-16.465000
819,2023-04-13 10-43-17.284000
844,2023-04-13 10-43-18.128000
825,2023-04-13 10-43-18.953000
798,2023-04-13 10-43-19.751000
803,2023-04-13 10-43-20.554000
788,2023-04-13 10-43-21.342000
785,2023-04-13 10-43-22.127000
751,2023-04-13 10-43-22.878000
788,2023-04-13 10-43-23.666000
821,2023-04-13 10-43-24.487000
805,2023-04-13 10-43-25.292000
784,2023-04-13 10-43-26.076000
789,2023-04-13 10-43-26.865000
781,2023-04-13 10-43-27.646000
738,2023-04-13 10-43-28.384000
716,2023-04-13 10-43-29.100000
737,2023-04-13 10-43-29.837000
788,2023-04-13 10-43-30.625000
835,2023-04-13 10-43-31.460000
811,2023-04-13 10-43-32.271000
883,2023-04-13 10-43-33.154000
933,2023-04-13 10-43-34.087000
922,2023-04-13 10-43-35.009000
854,2023-04-13 10-43-35.863000
816,2023-04-13 10-43-36.679000
781,2023-04-13 10-43-37.460000
730,2023-04-13 10-43-38.190000
725,2023-04-13 10-43-38.915000
766,2023-04-13 10-43-39.681000
948,2023-04-13 10-43-40.629000
909,2023-04-13 10-43-41.538000
922,2023-04-13 10-43-42.460000
820,2023-04-13 10-43-43.280000
910,2023-04-13 10-43-44.190000
935,2023-04-13 10-43-45.125000
859,2023-04-13 10-43-45.984000
799,2023-04-13 10-43-46.783000
809,2023-04-13 10-43-47.592000
771,2023-04-13 10-43-48.363000
734,2023-04-13 10-43-49.097000
707,2023-04-13 10-43-49.804000
720,2023-04-13 10-43-50.524000
752,2023-04-13 10-43-51.276000
742,2023-04-13 10-43-52.018000
729,2023-04-13 10-43-52.747000
763,2023-04-13 10-43-53.510000
774,2023-04-13 10-43-54.284000
833,2023-04-13 10-43-55.117000
827,2023-04-13 10-43-55.944000
800,2023-04-13 10-43-56.744000
750,2023-04-13 10-43-57.494000
766,2023-04-13 10-43-58.260000
784,2023-04-13 10-43-59.044000
777,2023-04-13 10-43-59.821000
739,2023-04-13 10-44-00.560000
716,2023-04-13 10-44-01.276000
725,2023-04-13 10-44-02.001000
744,2023-04-13 10-44-02.745000
755,2023-04-13 10-44-03.500000
840,2023-04-13 10-44-04.340000
877,2023-04-13 10-44-05.217000
981,2023-04-13 10-44-06.198000
919,2023-04-13 10-44-07.117000
848,2023-04-13 10-44-07.965000
764,2023-04-13 10-44-08.729000
800,2023-04-13 10-44-09.529000
832,2023-04-13 10-44-10.361000
873,2023-04-13 10-44-11.234000
798,2023-04-13 10-44-12.032000
774,2023-04-13 10-44-12.806000
792,2023-04-13 10-44-13.598000
854,2023-04-13 10-44-14.452000
926,2023-04-13 10-44-15.378000
871,2023-04-13 10-44-16.249000
783,2023-04-13 10-44-17.032000
797,2023-04-13 10-44-17.829000
844,2023-04-13 10-44-18.673000
858,2023-04-13 10-44-19.531000
867,2023-04-13 10-44-20.398000
820,2023-04-13 10-44-21.218000
766,2023-04-13 10-44-21.984000
716,2023-04-13 10-44-22.700000
676,2023-04-13 10-44-23.376000
682,2023-04-13 10-44-24.058000
722,2023-04-13 10-44-24.780000
792,2023-04-13 10-44-25.572000
736,2023-04-13 10-44-26.308000
1138,2023-04-13 10-44-27.446000
1041,2023-04-13 10-44-28.487000
974,2023-04-13 10-44-29.461000
946,2023-04-13 10-44-30.407000
860,2023-04-13 10-44-31.267000
775,2023-04-13 10-44-32.042000
763,2023-04-13 10-44-32.805000
798,2023-04-13 10-44-33.603000
807,2023-04-13 10-44-34.410000
810,2023-04-13 10-44-35.220000
795,2023-04-13 10-44-36.015000
781,2023-04-13 10-44-36.796000
759,2023-04-13 10-44-37.555000
752,2023-04-13 10-44-38.307000
716,2023-04-13 10-44-39.023000
748,2023-04-13 10-44-39.771000
860,2023-04-13 10-44-40.631000
944,2023-04-13 10-44-41.575000
942,2023-04-13 10-44-42.517000
972,2023-04-13 10-44-43.489000
834,2023-04-13 10-44-44.323000
861,2023-04-13 10-44-45.184000
857,2023-04-13 10-44-46.041000
831,2023-04-13 10-44-46.872000
821,2023-04-13 10-44-47.693000
771,2023-04-13 10-44-48.464000
739,2023-04-13 10-44-49.203000
734,2023-04-13 10-44-49.937000
736,2023-04-13 10-44-50.673000
780,2023-04-13 10-44-51.453000
760,2023-04-13 10-44-52.213000
708,2023-04-13 10-44-52.921000
759,2023-04-13 10-44-53.680000
799,2023-04-13 10-44-54.479000
751,2023-04-13 10-44-55.230000
777,2023-04-13 10-44-56.007000
773,2023-04-13 10-44-56.780000
780,2023-04-13 10-44-57.560000
781,2023-04-13 10-44-58.341000
721,2023-04-13 10-44-59.062000
717,2023-04-13 10-44-59.779000
707,2023-04-13 10-45-00.486000
709,2023-04-13 10-45-01.195000
739,2023-04-13 10-45-01.934000
711,2023-04-13 10-45-02.645000
722,2023-04-13 10-45-03.367000
749,2023-04-13 10-45-04.116000
797,2023-04-13 10-45-04.913000
888,2023-04-13 10-45-05.801000
896,2023-04-13 10-45-06.697000
913,2023-04-13 10-45-07.610000
843,2023-04-13 10-45-08.453000
858,2023-04-13 10-45-09.311000
844,2023-04-13 10-45-10.155000
796,2023-04-13 10-45-10.951000
719,2023-04-13 10-45-11.670000
695,2023-04-13 10-45-12.365000
694,2023-04-13 10-45-13.059000
751,2023-04-13 10-45-13.810000
802,2023-04-13 10-45-14.612000
793,2023-04-13 10-45-15.405000
806,2023-04-13 10-45-16.211000
836,2023-04-13 10-45-17.047000
813,2023-04-13 10-45-17.860000
798,2023-04-13 10-45-18.658000
764,2023-04-13 10-45-19.422000
773,2023-04-13 10-45-20.195000
732,2023-04-13 10-45-20.927000
744,2023-04-13 10-45-21.671000
755,2023-04-13 10-45-22.426000
771,2023-04-13 10-45-23.197000
750,2023-04-13 10-45-23.947000
730,2023-04-13 10-45-24.677000
721,2023-04-13 10-45-25.398000
745,2023-04-13 10-45-26.143000
767,2023-04-13 10-45-26.910000
778,2023-04-13 10-45-27.688000
793,2023-04-13 10-45-28.481000
751,2023-04-13 10-45-29.232000
762,2023-04-13 10-45-29.994000
781,2023-04-13 10-45-30.775000
832,2023-04-13 10-45-31.607000
822,2023-04-13 10-45-32.429000
779,2023-04-13 10-45-33.208000
766,2023-04-13 10-45-33.974000
753,2023-04-13 10-45-34.727000
711,2023-04-13 10-45-35.438000
744,2023-04-13 10-45-36.182000
838,2023-04-13 10-45-37.020000
960,2023-04-13 10-45-37.980000
963,2023-04-13 10-45-38.943000
929,2023-04-13 10-45-39.872000
786,2023-04-13 10-45-40.658000
810,2023-04-13 10-45-41.468000
791,2023-04-13 10-45-42.259000
836,2023-04-13 10-45-43.095000
822,2023-04-13 10-45-43.917000
827,2023-04-13 10-45-44.744000
831,2023-04-13 10-45-45.575000
770,2023-04-13 10-45-46.345000
711,2023-04-13 10-45-47.056000
706,2023-04-13 10-45-47.762000
742,2023-04-13 10-45-48.504000
793,2023-04-13 10-45-49.297000
872,2023-04-13 10-45-50.169000
790,2023-04-13 10-45-50.959000
875,2023-04-13 10-45-51.834000
874,2023-04-13 10-45-52.708000
897,2023-04-13 10-45-53.605000
891,2023-04-13 10-45-54.496000
799,2023-04-13 10-45-55.295000
795,2023-04-13 10-45-56.090000
734,2023-04-13 10-45-56.824000
731,2023-04-13 10-45-57.555000
698,2023-04-13 10-45-58.253000
717,2023-04-13 10-45-58.970000
701,2023-04-13 10-45-59.671000
647,2023-04-13 10-46-00.318000
688,2023-04-13 10-46-01.006000
826,2023-04-13 10-46-01.832000
829,2023-04-13 10-46-02.661000
789,2023-04-13 10-46-03.450000
812,2023-04-13 10-46-04.262000
876,2023-04-13 10-46-05.138000
872,2023-04-13 10-46-06.010000
806,2023-04-13 10-46-06.816000
775,2023-04-13 10-46-07.591000
766,2023-04-13 10-46-08.357000
723,2023-04-13 10-46-09.080000
680,2023-04-13 10-46-09.760000
655,2023-04-13 10-46-10.415000
634,2023-04-13 10-46-11.049000
632,2023-04-13 10-46-11.681000
687,2023-04-13 10-46-12.368000
770,2023-04-13 10-46-13.138000
870,2023-04-13 10-46-14.008000
893,2023-04-13 10-46-14.901000
819,2023-04-13 10-46-15.720000
912,2023-04-13 10-46-16.632000
891,2023-04-13 10-46-17.523000
813,2023-04-13 10-46-18.336000
808,2023-04-13 10-46-19.144000
823,2023-04-13 10-46-19.967000
908,2023-04-13 10-46-20.875000
837,2023-04-13 10-46-21.712000
972,2023-04-13 10-46-22.684000
1002,2023-04-13 10-46-23.686000
926,2023-04-13 10-46-24.612000
810,2023-04-13 10-46-25.422000
800,2023-04-13 10-46-26.222000
880,2023-04-13 10-46-27.102000
884,2023-04-13 10-46-27.986000
806,2023-04-13 10-46-28.792000
836,2023-04-13 10-46-29.628000
882,2023-04-13 10-46-30.510000
834,2023-04-13 10-46-31.344000
813,2023-04-13 10-46-32.157000
787,2023-04-13 10-46-32.944000
782,2023-04-13 10-46-33.726000
740,2023-04-13 10-46-34.466000
753,2023-04-13 10-46-35.219000
729,2023-04-13 10-46-35.948000
750,2023-04-13 10-46-36.698000
716,2023-04-13 10-46-37.414000
707,2023-04-13 10-46-38.121000
710,2023-04-13 10-46-38.831000
755,2023-04-13 10-46-39.586000
766,2023-04-13 10-46-40.352000
744,2023-04-13 10-46-41.096000
733,2023-04-13 10-46-41.829000
700,2023-04-13 10-46-42.529000
698,2023-04-13 10-46-43.227000
688,2023-04-13 10-46-43.915000
723,2023-04-13 10-46-44.638000
766,2023-04-13 10-46-45.404000
827,2023-04-13 10-46-46.231000
895,2023-04-13 10-46-47.126000
872,2023-04-13 10-46-47.998000
866,2023-04-13 10-46-48.864000
776,2023-04-13 10-46-49.640000
777,2023-04-13 10-46-50.417000
748,2023-04-13 10-46-51.165000
757,2023-04-13 10-46-51.922000
744,2023-04-13 10-46-52.666000
698,2023-04-13 10-46-53.364000
670,2023-04-13 10-46-54.034000
679,2023-04-13 10-46-54.713000
714,2023-04-13 10-46-55.427000
684,2023-04-13 10-46-56.111000
681,2023-04-13 10-46-56.792000
721,2023-04-13 10-46-57.513000
843,2023-04-13 10-46-58.356000
879,2023-04-13 10-46-59.235000
806,2023-04-13 10-47-00.041000
772,2023-04-13 10-47-00.813000
793,2023-04-13 10-47-01.606000
869,2023-04-13 10-47-02.475000
870,2023-04-13 10-47-03.345000
806,2023-04-13 10-47-04.151000
813,2023-04-13 10-47-04.964000
795,2023-04-13 10-47-05.759000
766,2023-04-13 10-47-06.525000
751,2023-04-13 10-47-07.276000
740,2023-04-13 10-47-08.016000
737,2023-04-13 10-47-08.753000
747,2023-04-13 10-47-09.500000
829,2023-04-13 10-47-10.329000
879,2023-04-13 10-47-11.208000
885,2023-04-13 10-47-12.093000
872,2023-04-13 10-47-12.965000
801,2023-04-13 10-47-13.766000
813,2023-04-13 10-47-14.579000
826,2023-04-13 10-47-15.405000
812,2023-04-13 10-47-16.217000
825,2023-04-13 10-47-17.042000
808,2023-04-13 10-47-17.850000
794,2023-04-13 10-47-18.644000
791,2023-04-13 10-47-19.435000
779,2023-04-13 10-47-20.214000
749,2023-04-13 10-47-20.963000
743,2023-04-13 10-47-21.706000
742,2023-04-13 10-47-22.448000
702,2023-04-13 10-47-23.150000
711,2023-04-13 10-47-23.861000
729,2023-04-13 10-47-24.590000
772,2023-04-13 10-47-25.362000
816,2023-04-13 10-47-26.178000
822,2023-04-13 10-47-27.000000
801,2023-04-13 10-47-27.801000
846,2023-04-13 10-47-28.647000
848,2023-04-13 10-47-29.495000
859,2023-04-13 10-47-30.354000
837,2023-04-13 10-47-31.191000
786,2023-04-13 10-47-31.977000
811,2023-04-13 10-47-32.788000
829,2023-04-13 10-47-33.617000
824,2023-04-13 10-47-34.441000
740,2023-04-13 10-47-35.181000
746,2023-04-13 10-47-35.927000
758,2023-04-13 10-47-36.685000
774,2023-04-13 10-47-37.459000
776,2023-04-13 10-47-38.235000
763,2023-04-13 10-47-38.998000
746,2023-04-13 10-47-39.744000
704,2023-04-13 10-47-40.448000
715,2023-04-13 10-47-41.163000
746,2023-04-13 10-47-41.909000
829,2023-04-13 10-47-42.738000
816,2023-04-13 10-47-43.554000
806,2023-04-13 10-47-44.360000
793,2023-04-13 10-47-45.153000
810,2023-04-13 10-47-45.963000
803,2023-04-13 10-47-46.766000
746,2023-04-13 10-47-47.512000
774,2023-04-13 10-47-48.286000
815,2023-04-13 10-47-49.101000
810,2023-04-13 10-47-49.911000
799,2023-04-13 10-47-50.710000
759,2023-04-13 10-47-51.469000
744,2023-04-13 10-47-52.213000
777,2023-04-13 10-47-52.990000
1008,2023-04-13 10-47-53.998000
965,2023-04-13 10-47-54.963000
979,2023-04-13 10-47-55.942000
932,2023-04-13 10-47-56.874000
839,2023-04-13 10-47-57.713000
793,2023-04-13 10-47-58.506000
796,2023-04-13 10-47-59.302000
855,2023-04-13 10-48-00.157000
929,2023-04-13 10-48-01.086000
939,2023-04-13 10-48-02.025000
991,2023-04-13 10-48-03.016000
970,2023-04-13 10-48-03.986000
928,2023-04-13 10-48-04.914000
854,2023-04-13 10-48-05.768000
869,2023-04-13 10-48-06.637000
891,2023-04-13 10-48-07.528000
884,2023-04-13 10-48-08.412000
863,2023-04-13 10-48-09.275000
800,2023-04-13 10-48-10.075000
765,2023-04-13 10-48-10.840000
730,2023-04-13 10-48-11.570000
684,2023-04-13 10-48-12.254000
768,2023-04-13 10-48-13.022000
877,2023-04-13 10-48-13.899000
944,2023-04-13 10-48-14.843000
861,2023-04-13 10-48-15.704000
824,2023-04-13 10-48-16.528000
837,2023-04-13 10-48-17.365000
848,2023-04-13 10-48-18.213000
790,2023-04-13 10-48-19.003000
754,2023-04-13 10-48-19.757000
727,2023-04-13 10-48-20.484000
720,2023-04-13 10-48-21.204000
729,2023-04-13 10-48-21.933000
709,2023-04-13 10-48-22.642000
744,2023-04-13 10-48-23.386000
766,2023-04-13 10-48-24.152000
807,2023-04-13 10-48-24.959000
814,2023-04-13 10-48-25.773000
771,2023-04-13 10-48-26.544000
785,2023-04-13 10-48-27.329000
816,2023-04-13 10-48-28.145000
832,2023-04-13 10-48-28.977000
778,2023-04-13 10-48-29.755000
844,2023-04-13 10-48-30.599000
859,2023-04-13 10-48-31.458000
836,2023-04-13 10-48-32.294000
780,2023-04-13 10-48-33.074000
778,2023-04-13 10-48-33.852000
812,2023-04-13 10-48-34.664000
841,2023-04-13 10-48-35.505000
826,2023-04-13 10-48-36.331000
820,2023-04-13 10-48-37.151000
819,2023-04-13 10-48-37.970000
810,2023-04-13 10-48-38.780000
809,2023-04-13 10-48-39.589000
758,2023-04-13 10-48-40.347000
753,2023-04-13 10-48-41.100000
776,2023-04-13 10-48-41.876000
769,2023-04-13 10-48-42.645000
781,2023-04-13 10-48-43.426000
722,2023-04-13 10-48-44.148000
728,2023-04-13 10-48-44.876000
755,2023-04-13 10-48-45.631000
815,2023-04-13 10-48-46.446000
852,2023-04-13 10-48-47.298000
786,2023-04-13 10-48-48.084000
799,2023-04-13 10-48-48.883000
802,2023-04-13 10-48-49.685000
808,2023-04-13 10-48-50.493000
781,2023-04-13 10-48-51.274000
731,2023-04-13 10-48-52.005000
745,2023-04-13 10-48-52.750000
735,2023-04-13 10-48-53.485000
709,2023-04-13 10-48-54.194000
787,2023-04-13 10-48-54.981000
950,2023-04-13 10-48-55.931000
920,2023-04-13 10-48-56.851000
938,2023-04-13 10-48-57.789000
853,2023-04-13 10-48-58.642000
808,2023-04-13 10-48-59.450000
852,2023-04-13 10-49-00.302000
835,2023-04-13 10-49-01.137000
826,2023-04-13 10-49-01.963000
861,2023-04-13 10-49-02.824000
818,2023-04-13 10-49-03.642000
792,2023-04-13 10-49-04.434000
843,2023-04-13 10-49-05.277000
825,2023-04-13 10-49-06.102000
853,2023-04-13 10-49-06.955000
764,2023-04-13 10-49-07.719000
780,2023-04-13 10-49-08.499000
754,2023-04-13 10-49-09.253000
785,2023-04-13 10-49-10.038000
745,2023-04-13 10-49-10.783000
756,2023-04-13 10-49-11.539000
727,2023-04-13 10-49-12.266000
710,2023-04-13 10-49-12.976000
676,2023-04-13 10-49-13.652000
672,2023-04-13 10-49-14.324000
682,2023-04-13 10-49-15.006000
673,2023-04-13 10-49-15.679000
651,2023-04-13 10-49-16.330000
674,2023-04-13 10-49-17.004000
752,2023-04-13 10-49-17.756000
729,2023-04-13 10-49-18.485000
790,2023-04-13 10-49-19.275000
895,2023-04-13 10-49-20.170000
952,2023-04-13 10-49-21.122000
854,2023-04-13 10-49-21.976000
765,2023-04-13 10-49-22.741000
751,2023-04-13 10-49-23.492000
775,2023-04-13 10-49-24.267000
846,2023-04-13 10-49-25.113000
919,2023-04-13 10-49-26.032000
896,2023-04-13 10-49-26.928000
935,2023-04-13 10-49-27.863000
968,2023-04-13 10-49-28.831000
950,2023-04-13 10-49-29.781000
874,2023-04-13 10-49-30.655000
845,2023-04-13 10-49-31.500000
816,2023-04-13 10-49-32.316000
860,2023-04-13 10-49-33.176000
892,2023-04-13 10-49-34.068000
952,2023-04-13 10-49-35.020000
916,2023-04-13 10-49-35.936000
864,2023-04-13 10-49-36.800000
942,2023-04-13 10-49-37.742000
912,2023-04-13 10-49-38.654000
902,2023-04-13 10-49-39.556000
825,2023-04-13 10-49-40.381000
888,2023-04-13 10-49-41.269000
1015,2023-04-13 10-49-42.284000
925,2023-04-13 10-49-43.209000
803,2023-04-13 10-49-44.012000
819,2023-04-13 10-49-44.831000
809,2023-04-13 10-49-45.640000
801,2023-04-13 10-49-46.441000
800,2023-04-13 10-49-47.241000
789,2023-04-13 10-49-48.030000
747,2023-04-13 10-49-48.777000
762,2023-04-13 10-49-49.539000
800,2023-04-13 10-49-50.339000
832,2023-04-13 10-49-51.171000
844,2023-04-13 10-49-52.015000
792,2023-04-13 10-49-52.807000
755,2023-04-13 10-49-53.562000
788,2023-04-13 10-49-54.350000
812,2023-04-13 10-49-55.162000
889,2023-04-13 10-49-56.051000
848,2023-04-13 10-49-56.899000
821,2023-04-13 10-49-57.720000
860,2023-04-13 10-49-58.580000
862,2023-04-13 10-49-59.442000
788,2023-04-13 10-50-00.230000
870,2023-04-13 10-50-01.100000
954,2023-04-13 10-50-02.054000
932,2023-04-13 10-50-02.986000
896,2023-04-13 10-50-03.882000
790,2023-04-13 10-50-04.672000
780,2023-04-13 10-50-05.452000
803,2023-04-13 10-50-06.255000
858,2023-04-13 10-50-07.113000
896,2023-04-13 10-50-08.009000
862,2023-04-13 10-50-08.871000
854,2023-04-13 10-50-09.725000
928,2023-04-13 10-50-10.653000
897,2023-04-13 10-50-11.550000
813,2023-04-13 10-50-12.363000
833,2023-04-13 10-50-13.196000
891,2023-04-13 10-50-14.087000
893,2023-04-13 10-50-14.980000
811,2023-04-13 10-50-15.791000
853,2023-04-13 10-50-16.644000
905,2023-04-13 10-50-17.549000
851,2023-04-13 10-50-18.400000
794,2023-04-13 10-50-19.194000
787,2023-04-13 10-50-19.981000
781,2023-04-13 10-50-20.762000
724,2023-04-13 10-50-21.486000
739,2023-04-13 10-50-22.225000
779,2023-04-13 10-50-23.004000
854,2023-04-13 10-50-23.858000
867,2023-04-13 10-50-24.725000
849,2023-04-13 10-50-25.574000
885,2023-04-13 10-50-26.459000
859,2023-04-13 10-50-27.318000
831,2023-04-13 10-50-28.149000
803,2023-04-13 10-50-28.952000
815,2023-04-13 10-50-29.767000
817,2023-04-13 10-50-30.584000
788,2023-04-13 10-50-31.372000
817,2023-04-13 10-50-32.189000
842,2023-04-13 10-50-33.031000
923,2023-04-13 10-50-33.954000
816,2023-04-13 10-50-34.770000
833,2023-04-13 10-50-35.603000
865,2023-04-13 10-50-36.468000
889,2023-04-13 10-50-37.357000
878,2023-04-13 10-50-38.235000
805,2023-04-13 10-50-39.040000
799,2023-04-13 10-50-39.839000
805,2023-04-13 10-50-40.644000
825,2023-04-13 10-50-41.469000
795,2023-04-13 10-50-42.264000
734,2023-04-13 10-50-42.998000
737,2023-04-13 10-50-43.735000
742,2023-04-13 10-50-44.477000
769,2023-04-13 10-50-45.246000
730,2023-04-13 10-50-45.976000
742,2023-04-13 10-50-46.718000
777,2023-04-13 10-50-47.495000
767,2023-04-13 10-50-48.262000
692,2023-04-13 10-50-48.954000
714,2023-04-13 10-50-49.668000
752,2023-04-13 10-50-50.420000
808,2023-04-13 10-50-51.228000
782,2023-04-13 10-50-52.010000
738,2023-04-13 10-50-52.748000
745,2023-04-13 10-50-53.493000
745,2023-04-13 10-50-54.238000
757,2023-04-13 10-50-54.995000
715,2023-04-13 10-50-55.710000
713,2023-04-13 10-50-56.423000
703,2023-04-13 10-50-57.126000
742,2023-04-13 10-50-57.868000
745,2023-04-13 10-50-58.613000
727,2023-04-13 10-50-59.340000
770,2023-04-13 10-51-00.110000
829,2023-04-13 10-51-00.939000
987,2023-04-13 10-51-01.926000
918,2023-04-13 10-51-02.844000
825,2023-04-13 10-51-03.669000
898,2023-04-13 10-51-04.567000
863,2023-04-13 10-51-05.430000
791,2023-04-13 10-51-06.221000
841,2023-04-13 10-51-07.062000
825,2023-04-13 10-51-07.887000
794,2023-04-13 10-51-08.681000
818,2023-04-13 10-51-09.499000
847,2023-04-13 10-51-10.346000
939,2023-04-13 10-51-11.285000
879,2023-04-13 10-51-12.164000
813,2023-04-13 10-51-12.977000
872,2023-04-13 10-51-13.849000
835,2023-04-13 10-51-14.684000
773,2023-04-13 10-51-15.457000
820,2023-04-13 10-51-16.277000
814,2023-04-13 10-51-17.091000
817,2023-04-13 10-51-17.908000
786,2023-04-13 10-51-18.694000
779,2023-04-13 10-51-19.473000
799,2023-04-13 10-51-20.272000
783,2023-04-13 10-51-21.055000
726,2023-04-13 10-51-21.781000
732,2023-04-13 10-51-22.513000
759,2023-04-13 10-51-23.272000
798,2023-04-13 10-51-24.070000
809,2023-04-13 10-51-24.879000
767,2023-04-13 10-51-25.646000
746,2023-04-13 10-51-26.392000
743,2023-04-13 10-51-27.135000
749,2023-04-13 10-51-27.884000
748,2023-04-13 10-51-28.632000
719,2023-04-13 10-51-29.351000
743,2023-04-13 10-51-30.094000
764,2023-04-13 10-51-30.858000
785,2023-04-13 10-51-31.643000
757,2023-04-13 10-51-32.400000
732,2023-04-13 10-51-33.132000
759,2023-04-13 10-51-33.891000
805,2023-04-13 10-51-34.696000
799,2023-04-13 10-51-35.495000
807,2023-04-13 10-51-36.302000
834,2023-04-13 10-51-37.136000
820,2023-04-13 10-51-37.956000
779,2023-04-13 10-51-38.735000
745,2023-04-13 10-51-39.480000
714,2023-04-13 10-51-40.194000
707,2023-04-13 10-51-40.901000
734,2023-04-13 10-51-41.635000
744,2023-04-13 10-51-42.379000
794,2023-04-13 10-51-43.173000
795,2023-04-13 10-51-43.968000
812,2023-04-13 10-51-44.780000
850,2023-04-13 10-51-45.630000
821,2023-04-13 10-51-46.451000
753,2023-04-13 10-51-47.204000
780,2023-04-13 10-51-47.984000
817,2023-04-13 10-51-48.801000
877,2023-04-13 10-51-49.678000
855,2023-04-13 10-51-50.533000
820,2023-04-13 10-51-51.353000
831,2023-04-13 10-51-52.184000
798,2023-04-13 10-51-52.982000
739,2023-04-13 10-51-53.721000
754,2023-04-13 10-51-54.475000
793,2023-04-13 10-51-55.268000
817,2023-04-13 10-51-56.085000
761,2023-04-13 10-51-56.846000
772,2023-04-13 10-51-57.618000
782,2023-04-13 10-51-58.400000
784,2023-04-13 10-51-59.184000
825,2023-04-13 10-52-00.009000
895,2023-04-13 10-52-00.904000
886,2023-04-13 10-52-01.790000
858,2023-04-13 10-52-02.648000
849,2023-04-13 10-52-03.497000
855,2023-04-13 10-52-04.352000
757,2023-04-13 10-52-05.109000
732,2023-04-13 10-52-05.841000
731,2023-04-13 10-52-06.572000
809,2023-04-13 10-52-07.381000
886,2023-04-13 10-52-08.267000
893,2023-04-13 10-52-09.160000
782,2023-04-13 10-52-09.942000
815,2023-04-13 10-52-10.757000
811,2023-04-13 10-52-11.568000
798,2023-04-13 10-52-12.366000
756,2023-04-13 10-52-13.122000
714,2023-04-13 10-52-13.836000
700,2023-04-13 10-52-14.536000
720,2023-04-13 10-52-15.256000
730,2023-04-13 10-52-15.986000
719,2023-04-13 10-52-16.705000
689,2023-04-13 10-52-17.394000
694,2023-04-13 10-52-18.088000
754,2023-04-13 10-52-18.842000
812,2023-04-13 10-52-19.654000
837,2023-04-13 10-52-20.491000
823,2023-04-13 10-52-21.314000
817,2023-04-13 10-52-22.131000
805,2023-04-13 10-52-22.936000
765,2023-04-13 10-52-23.701000
754,2023-04-13 10-52-24.455000
782,2023-04-13 10-52-25.237000
810,2023-04-13 10-52-26.047000
801,2023-04-13 10-52-26.848000
739,2023-04-13 10-52-27.587000
695,2023-04-13 10-52-28.282000
670,2023-04-13 10-52-28.952000
708,2023-04-13 10-52-29.660000
779,2023-04-13 10-52-30.439000
751,2023-04-13 10-52-31.190000
738,2023-04-13 10-52-31.928000
858,2023-04-13 10-52-32.786000
827,2023-04-13 10-52-33.613000
804,2023-04-13 10-52-34.417000
740,2023-04-13 10-52-35.157000
738,2023-04-13 10-52-35.895000
716,2023-04-13 10-52-36.611000
696,2023-04-13 10-52-37.307000
695,2023-04-13 10-52-38.002000
705,2023-04-13 10-52-38.707000
702,2023-04-13 10-52-39.409000
713,2023-04-13 10-52-40.122000
730,2023-04-13 10-52-40.852000
743,2023-04-13 10-52-41.595000
756,2023-04-13 10-52-42.351000
724,2023-04-13 10-52-43.075000
756,2023-04-13 10-52-43.831000
815,2023-04-13 10-52-44.646000
868,2023-04-13 10-52-45.514000
869,2023-04-13 10-52-46.383000
845,2023-04-13 10-52-47.228000
820,2023-04-13 10-52-48.048000
768,2023-04-13 10-52-48.816000
723,2023-04-13 10-52-49.539000
733,2023-04-13 10-52-50.272000
760,2023-04-13 10-52-51.032000
773,2023-04-13 10-52-51.805000
782,2023-04-13 10-52-52.587000
791,2023-04-13 10-52-53.378000
785,2023-04-13 10-52-54.163000
807,2023-04-13 10-52-54.970000
814,2023-04-13 10-52-55.784000
756,2023-04-13 10-52-56.540000
775,2023-04-13 10-52-57.315000
812,2023-04-13 10-52-58.127000
856,2023-04-13 10-52-58.983000
861,2023-04-13 10-52-59.844000
830,2023-04-13 10-53-00.674000
771,2023-04-13 10-53-01.445000
742,2023-04-13 10-53-02.187000
705,2023-04-13 10-53-02.892000
678,2023-04-13 10-53-03.570000
684,2023-04-13 10-53-04.254000
702,2023-04-13 10-53-04.956000
814,2023-04-13 10-53-05.770000
1000,2023-04-13 10-53-06.770000
950,2023-04-13 10-53-07.720000
921,2023-04-13 10-53-08.641000
909,2023-04-13 10-53-09.550000
930,2023-04-13 10-53-10.480000
865,2023-04-13 10-53-11.345000
771,2023-04-13 10-53-12.116000
766,2023-04-13 10-53-12.882000
756,2023-04-13 10-53-13.638000
740,2023-04-13 10-53-14.378000
718,2023-04-13 10-53-15.096000
713,2023-04-13 10-53-15.809000
724,2023-04-13 10-53-16.533000
742,2023-04-13 10-53-17.275000
740,2023-04-13 10-53-18.015000
730,2023-04-13 10-53-18.745000
717,2023-04-13 10-53-19.462000
714,2023-04-13 10-53-20.176000
729,2023-04-13 10-53-20.905000
737,2023-04-13 10-53-21.642000
784,2023-04-13 10-53-22.426000
826,2023-04-13 10-53-23.252000
765,2023-04-13 10-53-24.017000
757,2023-04-13 10-53-24.774000
776,2023-04-13 10-53-25.550000
799,2023-04-13 10-53-26.349000
818,2023-04-13 10-53-27.167000
788,2023-04-13 10-53-27.955000
864,2023-04-13 10-53-28.819000
942,2023-04-13 10-53-29.761000
851,2023-04-13 10-53-30.612000
787,2023-04-13 10-53-31.399000
759,2023-04-13 10-53-32.158000
777,2023-04-13 10-53-32.935000
833,2023-04-13 10-53-33.768000
781,2023-04-13 10-53-34.549000
823,2023-04-13 10-53-35.372000
836,2023-04-13 10-53-36.208000
883,2023-04-13 10-53-37.091000
832,2023-04-13 10-53-37.923000
853,2023-04-13 10-53-38.776000
900,2023-04-13 10-53-39.676000
882,2023-04-13 10-53-40.558000
822,2023-04-13 10-53-41.380000
750,2023-04-13 10-53-42.130000
750,2023-04-13 10-53-42.880000
710,2023-04-13 10-53-43.590000
707,2023-04-13 10-53-44.297000
674,2023-04-13 10-53-44.971000
678,2023-04-13 10-53-45.649000
696,2023-04-13 10-53-46.345000
754,2023-04-13 10-53-47.099000
817,2023-04-13 10-53-47.916000
852,2023-04-13 10-53-48.768000
796,2023-04-13 10-53-49.564000
804,2023-04-13 10-53-50.368000
808,2023-04-13 10-53-51.176000
807,2023-04-13 10-53-51.983000
733,2023-04-13 10-53-52.716000
743,2023-04-13 10-53-53.459000
757,2023-04-13 10-53-54.216000
803,2023-04-13 10-53-55.019000
830,2023-04-13 10-53-55.849000
848,2023-04-13 10-53-56.697000
866,2023-04-13 10-53-57.563000
806,2023-04-13 10-53-58.369000
762,2023-04-13 10-53-59.131000
734,2023-04-13 10-53-59.865000
689,2023-04-13 10-54-00.554000
668,2023-04-13 10-54-01.222000
720,2023-04-13 10-54-01.942000
772,2023-04-13 10-54-02.714000
778,2023-04-13 10-54-03.492000
785,2023-04-13 10-54-04.277000
800,2023-04-13 10-54-05.077000
792,2023-04-13 10-54-05.869000
757,2023-04-13 10-54-06.626000
770,2023-04-13 10-54-07.396000
799,2023-04-13 10-54-08.195000
797,2023-04-13 10-54-08.992000
752,2023-04-13 10-54-09.744000
746,2023-04-13 10-54-10.490000
753,2023-04-13 10-54-11.243000
767,2023-04-13 10-54-12.010000
746,2023-04-13 10-54-12.756000
752,2023-04-13 10-54-13.508000
797,2023-04-13 10-54-14.305000
847,2023-04-13 10-54-15.152000
882,2023-04-13 10-54-16.034000
874,2023-04-13 10-54-16.908000
791,2023-04-13 10-54-17.699000
781,2023-04-13 10-54-18.480000
794,2023-04-13 10-54-19.274000
807,2023-04-13 10-54-20.081000
828,2023-04-13 10-54-20.909000
844,2023-04-13 10-54-21.753000
813,2023-04-13 10-54-22.566000
813,2023-04-13 10-54-23.379000
813,2023-04-13 10-54-24.192000
836,2023-04-13 10-54-25.028000
771,2023-04-13 10-54-25.799000
820,2023-04-13 10-54-26.619000
842,2023-04-13 10-54-27.461000
841,2023-04-13 10-54-28.302000
820,2023-04-13 10-54-29.122000
854,2023-04-13 10-54-29.976000
815,2023-04-13 10-54-30.791000
767,2023-04-13 10-54-31.558000
781,2023-04-13 10-54-32.339000
803,2023-04-13 10-54-33.142000
794,2023-04-13 10-54-33.936000
801,2023-04-13 10-54-34.737000
747,2023-04-13 10-54-35.484000
738,2023-04-13 10-54-36.222000
735,2023-04-13 10-54-36.957000
723,2023-04-13 10-54-37.680000
697,2023-04-13 10-54-38.377000
682,2023-04-13 10-54-39.059000
677,2023-04-13 10-54-39.736000
689,2023-04-13 10-54-40.425000
711,2023-04-13 10-54-41.136000
687,2023-04-13 10-54-41.823000
738,2023-04-13 10-54-42.561000
785,2023-04-13 10-54-43.346000
924,2023-04-13 10-54-44.270000
825,2023-04-13 10-54-45.095000
819,2023-04-13 10-54-45.914000
819,2023-04-13 10-54-46.733000
872,2023-04-13 10-54-47.605000
814,2023-04-13 10-54-48.419000
877,2023-04-13 10-54-49.296000
891,2023-04-13 10-54-50.187000
878,2023-04-13 10-54-51.065000
867,2023-04-13 10-54-51.932000
850,2023-04-13 10-54-52.782000
811,2023-04-13 10-54-53.593000
814,2023-04-13 10-54-54.407000
785,2023-04-13 10-54-55.192000
744,2023-04-13 10-54-55.936000
739,2023-04-13 10-54-56.675000
769,2023-04-13 10-54-57.444000
908,2023-04-13 10-54-58.352000
896,2023-04-13 10-54-59.248000
926,2023-04-13 10-55-00.174000
896,2023-04-13 10-55-01.070000
898,2023-04-13 10-55-01.968000
797,2023-04-13 10-55-02.765000
721,2023-04-13 10-55-03.486000
713,2023-04-13 10-55-04.199000
741,2023-04-13 10-55-04.940000
814,2023-04-13 10-55-05.754000
863,2023-04-13 10-55-06.617000
857,2023-04-13 10-55-07.474000
886,2023-04-13 10-55-08.360000
797,2023-04-13 10-55-09.157000
854,2023-04-13 10-55-10.011000
816,2023-04-13 10-55-10.827000
782,2023-04-13 10-55-11.609000
784,2023-04-13 10-55-12.393000
811,2023-04-13 10-55-13.204000
842,2023-04-13 10-55-14.046000
838,2023-04-13 10-55-14.884000
782,2023-04-13 10-55-15.666000
827,2023-04-13 10-55-16.493000
831,2023-04-13 10-55-17.324000
851,2023-04-13 10-55-18.175000
847,2023-04-13 10-55-19.022000
843,2023-04-13 10-55-19.865000
881,2023-04-13 10-55-20.746000
880,2023-04-13 10-55-21.626000
802,2023-04-13 10-55-22.428000
864,2023-04-13 10-55-23.292000
825,2023-04-13 10-55-24.117000
831,2023-04-13 10-55-24.948000
743,2023-04-13 10-55-25.691000
762,2023-04-13 10-55-26.453000
765,2023-04-13 10-55-27.218000
942,2023-04-13 10-55-28.160000
927,2023-04-13 10-55-29.087000
919,2023-04-13 10-55-30.006000
807,2023-04-13 10-55-30.813000
761,2023-04-13 10-55-31.574000
796,2023-04-13 10-55-32.370000
743,2023-04-13 10-55-33.113000
758,2023-04-13 10-55-33.871000
776,2023-04-13 10-55-34.647000
769,2023-04-13 10-55-35.416000
754,2023-04-13 10-55-36.170000
702,2023-04-13 10-55-36.872000
702,2023-04-13 10-55-37.574000
691,2023-04-13 10-55-38.265000
688,2023-04-13 10-55-38.953000
673,2023-04-13 10-55-39.626000
654,2023-04-13 10-55-40.280000
650,2023-04-13 10-55-40.930000
659,2023-04-13 10-55-41.589000
717,2023-04-13 10-55-42.306000
879,2023-04-13 10-55-43.185000
905,2023-04-13 10-55-44.090000
958,2023-04-13 10-55-45.048000
918,2023-04-13 10-55-45.966000
855,2023-04-13 10-55-46.821000
832,2023-04-13 10-55-47.653000
796,2023-04-13 10-55-48.449000
766,2023-04-13 10-55-49.215000
805,2023-04-13 10-55-50.020000
835,2023-04-13 10-55-50.855000
902,2023-04-13 10-55-51.757000
946,2023-04-13 10-55-52.703000
953,2023-04-13 10-55-53.656000
940,2023-04-13 10-55-54.596000
900,2023-04-13 10-55-55.496000
850,2023-04-13 10-55-56.346000
790,2023-04-13 10-55-57.136000
795,2023-04-13 10-55-57.931000
829,2023-04-13 10-55-58.760000
855,2023-04-13 10-55-59.615000
874,2023-04-13 10-56-00.489000
879,2023-04-13 10-56-01.368000
829,2023-04-13 10-56-02.197000
776,2023-04-13 10-56-02.973000
764,2023-04-13 10-56-03.737000
822,2023-04-13 10-56-04.559000
886,2023-04-13 10-56-05.445000
854,2023-04-13 10-56-06.299000
825,2023-04-13 10-56-07.124000
875,2023-04-13 10-56-07.999000
1007,2023-04-13 10-56-09.006000
980,2023-04-13 10-56-09.986000
958,2023-04-13 10-56-10.944000
909,2023-04-13 10-56-11.853000
862,2023-04-13 10-56-12.715000
801,2023-04-13 10-56-13.516000
798,2023-04-13 10-56-14.314000
814,2023-04-13 10-56-15.128000
800,2023-04-13 10-56-15.928000
807,2023-04-13 10-56-16.735000
853,2023-04-13 10-56-17.588000
917,2023-04-13 10-56-18.505000
930,2023-04-13 10-56-19.435000
895,2023-04-13 10-56-20.330000
923,2023-04-13 10-56-21.253000
854,2023-04-13 10-56-22.107000
788,2023-04-13 10-56-22.895000
737,2023-04-13 10-56-23.632000
732,2023-04-13 10-56-24.364000
763,2023-04-13 10-56-25.127000
757,2023-04-13 10-56-25.884000
813,2023-04-13 10-56-26.697000
811,2023-04-13 10-56-27.508000
855,2023-04-13 10-56-28.363000
844,2023-04-13 10-56-29.207000
941,2023-04-13 10-56-30.148000
945,2023-04-13 10-56-31.093000
868,2023-04-13 10-56-31.961000
840,2023-04-13 10-56-32.801000
843,2023-04-13 10-56-33.644000
819,2023-04-13 10-56-34.463000
776,2023-04-13 10-56-35.239000
709,2023-04-13 10-56-35.948000
707,2023-04-13 10-56-36.655000
706,2023-04-13 10-56-37.361000
728,2023-04-13 10-56-38.089000
769,2023-04-13 10-56-38.858000
885,2023-04-13 10-56-39.743000
952,2023-04-13 10-56-40.695000
1047,2023-04-13 10-56-41.742000
933,2023-04-13 10-56-42.675000
1028,2023-04-13 10-56-43.703000
1063,2023-04-13 10-56-44.766000
1019,2023-04-13 10-56-45.785000
916,2023-04-13 10-56-46.701000
867,2023-04-13 10-56-47.568000
833,2023-04-13 10-56-48.401000
839,2023-04-13 10-56-49.240000
768,2023-04-13 10-56-50.008000
781,2023-04-13 10-56-50.789000
813,2023-04-13 10-56-51.602000
805,2023-04-13 10-56-52.407000
735,2023-04-13 10-56-53.142000
739,2023-04-13 10-56-53.881000
697,2023-04-13 10-56-54.578000
772,2023-04-13 10-56-55.350000
838,2023-04-13 10-56-56.188000
886,2023-04-13 10-56-57.074000
849,2023-04-13 10-56-57.923000
740,2023-04-13 10-56-58.663000
724,2023-04-13 10-56-59.387000
689,2023-04-13 10-57-00.076000
697,2023-04-13 10-57-00.773000
694,2023-04-13 10-57-01.467000
696,2023-04-13 10-57-02.163000
729,2023-04-13 10-57-02.892000
758,2023-04-13 10-57-03.650000
810,2023-04-13 10-57-04.460000
811,2023-04-13 10-57-05.271000
806,2023-04-13 10-57-06.077000
760,2023-04-13 10-57-06.837000
739,2023-04-13 10-57-07.576000
760,2023-04-13 10-57-08.336000
844,2023-04-13 10-57-09.180000
897,2023-04-13 10-57-10.077000
915,2023-04-13 10-57-10.992000
957,2023-04-13 10-57-11.949000
882,2023-04-13 10-57-12.831000
846,2023-04-13 10-57-13.677000
892,2023-04-13 10-57-14.569000
961,2023-04-13 10-57-15.530000
998,2023-04-13 10-57-16.528000
871,2023-04-13 10-57-17.399000
817,2023-04-13 10-57-18.216000
815,2023-04-13 10-57-19.031000
861,2023-04-13 10-57-19.892000
849,2023-04-13 10-57-20.741000
790,2023-04-13 10-57-21.531000
832,2023-04-13 10-57-22.363000
857,2023-04-13 10-57-23.220000
932,2023-04-13 10-57-24.152000
879,2023-04-13 10-57-25.031000
857,2023-04-13 10-57-25.888000
843,2023-04-13 10-57-26.731000
781,2023-04-13 10-57-27.512000
809,2023-04-13 10-57-28.321000
829,2023-04-13 10-57-29.150000
845,2023-04-13 10-57-29.995000
834,2023-04-13 10-57-30.829000
752,2023-04-13 10-57-31.581000
756,2023-04-13 10-57-32.337000
769,2023-04-13 10-57-33.106000
827,2023-04-13 10-57-33.933000
855,2023-04-13 10-57-34.788000
891,2023-04-13 10-57-35.679000
975,2023-04-13 10-57-36.654000
921,2023-04-13 10-57-37.575000
804,2023-04-13 10-57-38.379000
813,2023-04-13 10-57-39.192000
810,2023-04-13 10-57-40.002000
830,2023-04-13 10-57-40.832000
776,2023-04-13 10-57-41.608000
809,2023-04-13 10-57-42.417000
913,2023-04-13 10-57-43.330000
984,2023-04-13 10-57-44.314000
954,2023-04-13 10-57-45.268000
896,2023-04-13 10-57-46.164000
903,2023-04-13 10-57-47.067000
884,2023-04-13 10-57-47.951000
819,2023-04-13 10-57-48.770000
821,2023-04-13 10-57-49.591000
847,2023-04-13 10-57-50.438000
923,2023-04-13 10-57-51.361000
935,2023-04-13 10-57-52.296000
858,2023-04-13 10-57-53.154000
860,2023-04-13 10-57-54.014000
865,2023-04-13 10-57-54.879000
777,2023-04-13 10-57-55.656000
822,2023-04-13 10-57-56.478000
1010,2023-04-13 10-57-57.488000
1061,2023-04-13 10-57-58.549000
937,2023-04-13 10-57-59.486000
856,2023-04-13 10-58-00.342000
823,2023-04-13 10-58-01.165000
807,2023-04-13 10-58-01.972000
726,2023-04-13 10-58-02.698000
734,2023-04-13 10-58-03.432000
829,2023-04-13 10-58-04.261000
867,2023-04-13 10-58-05.128000
770,2023-04-13 10-58-05.898000
811,2023-04-13 10-58-06.709000
831,2023-04-13 10-58-07.540000
786,2023-04-13 10-58-08.326000
745,2023-04-13 10-58-09.071000
777,2023-04-13 10-58-09.848000
788,2023-04-13 10-58-10.636000
825,2023-04-13 10-58-11.461000
811,2023-04-13 10-58-12.272000
797,2023-04-13 10-58-13.069000
814,2023-04-13 10-58-13.883000
786,2023-04-13 10-58-14.669000
771,2023-04-13 10-58-15.440000
813,2023-04-13 10-58-16.253000
860,2023-04-13 10-58-17.113000
864,2023-04-13 10-58-17.977000
877,2023-04-13 10-58-18.854000
824,2023-04-13 10-58-19.678000
887,2023-04-13 10-58-20.565000
894,2023-04-13 10-58-21.459000
885,2023-04-13 10-58-22.344000
905,2023-04-13 10-58-23.249000
844,2023-04-13 10-58-24.093000
766,2023-04-13 10-58-24.859000
765,2023-04-13 10-58-25.624000
772,2023-04-13 10-58-26.396000
796,2023-04-13 10-58-27.192000
786,2023-04-13 10-58-27.978000
753,2023-04-13 10-58-28.731000
753,2023-04-13 10-58-29.484000
